query_id,query_duration,query_duration_with_queue,start_delay
19,1129,1861,820
4,1335,2137,603
22,895,896,2737
10,1524,1524,4715
12,458,459,11710
4,976,977,12234
6,319,1030,13099
19,772,772,14203
16,2517,2518,13487
1,2390,2391,17561
3,1214,1215,19303
23,0,1,23721
2,254,255,29953
4,970,970,38702
10,1548,2254,39235
12,451,452,45377
19,840,841,45498
14,441,442,54126
12,446,1210,59598
15,2150,2151,61060
6,280,280,63948
18,9919,9920,54791
17,653,654,66706
9,2808,2808,74260
10,1508,1508,77573
15,1026,1848,78769
15,1099,1100,81151
16,3934,4702,79348
8,1505,1505,83189
18,7368,7369,79241
22,1022,1024,86014
17,661,662,87719
10,1600,1600,90160
23,0,1,94535
2,250,250,94426
1,2279,2280,95088
16,3166,3167,106353
4,2073,2810,109278
4,1197,1198,111285
9,2505,3250,111709
22,910,910,115164
4,1739,1739,118081
12,1213,1971,123732
20,2576,3303,123615
9,4310,5067,123501
6,240,241,130674
18,10922,10923,120734
15,764,765,132693
23,0,1,134107
1,2845,2846,138247
18,6870,6871,139091
19,865,865,145510
17,889,1673,146308
1,2414,2414,146221
4,1694,1694,158365
3,992,992,161020
6,253,1072,176714
1,2334,3042,175679
6,264,265,179358
12,650,651,180357
17,910,1665,179616
9,2521,2522,179284
3,1067,1824,180741
16,2413,2414,183626
22,869,869,190138
15,733,734,190742
10,1584,1584,196565
14,424,425,199234
2,236,237,199692
11,603,603,200821
16,3411,4181,200944
18,5752,5753,199963
16,3930,3931,203057
15,767,767,211316
4,1674,1674,211563
16,2530,2531,215098
23,0,0,219574
11,334,335,221745
20,1476,1476,223502
6,237,992,224958
8,698,699,228056
10,2298,2299,230695
18,5993,5994,228677
16,2378,3132,232495
16,2566,2566,234647
8,706,1452,247727
16,1889,1889,253296
3,1587,1587,257391
18,5339,6048,254126
17,611,612,260682
11,331,332,261329
10,1510,1511,262664
12,566,566,263666
22,843,843,264884
4,1009,1010,266714
3,972,973,268290
23,0,0,270142
1,2467,2467,270132
2,297,298,273825
20,1920,2685,271596
12,939,940,274173
18,7893,7893,271577
1,3029,3030,278030
18,7204,7204,274294
2,246,247,283296
2,249,250,284745
16,2661,2662,288045
3,942,1706,289519
16,3996,3997,287549
10,1486,1486,291036
16,2974,2974,293533
12,444,445,297614
1,3093,3093,300465
18,5894,5895,299811
19,771,1497,348188
1,2186,2187,351680
9,2208,2208,358531
22,833,833,365343
15,738,739,366565
1,2352,2352,367594
16,3465,4226,367218
11,340,340,373274
11,497,499,374522
20,2045,2046,376214
18,5199,5200,373947
1,2308,2309,386243
4,2037,2038,387588
22,1160,1937,387730
4,1319,1319,390460
16,3359,4135,388416
14,570,570,392887
10,1488,1489,392738
6,244,244,394618
15,739,739,395453
22,847,848,396550
19,774,774,398718
3,937,937,401138
22,849,849,402372
12,422,423,404909
10,1484,1485,408445
11,343,344,410320
2,258,259,411590
14,446,1224,416402
16,3038,3039,415163
9,2736,2737,417849
4,1719,2488,420178
18,5946,5948,419817
20,1702,1703,432640
3,2317,3067,434014
1,3468,3470,434385
15,1324,2090,436540
8,767,769,439507
18,8301,8302,432312
11,340,342,447663
14,437,439,448857
17,631,1389,461898
2,246,961,463132
4,971,972,465747
9,2302,2303,471284
10,1488,1490,474957
16,2736,3509,473350
8,708,1462,475595
22,847,848,478385
10,1508,1509,480419
12,432,434,482607
22,843,844,486374
3,963,964,487264
8,704,706,493901
8,717,1449,494014
16,2618,2619,496849
18,5065,5067,497778
20,1311,1312,503752
19,761,762,504821
15,733,735,507060
10,1459,1460,508473
19,709,711,510323
12,415,417,511587
22,837,838,513024
15,739,741,518354
8,709,1433,518516
10,1700,1702,520737
16,2704,3470,519069
2,332,1056,521686
14,672,673,522692
19,1216,1217,523973
3,1724,1726,524615
20,2204,2206,525385
18,10476,10478,521536
3,1220,1222,531658
18,6988,6990,526367
10,1432,1433,533682
10,1332,1333,535434
20,1497,1498,540817
15,727,728,543014
15,728,728,545850
15,732,732,549855
22,838,838,551666
11,337,338,554564
12,470,470,556596
11,334,335,557858
3,949,950,559132
15,737,738,561188
1,2192,2193,568380
12,408,409,576328
22,839,840,578607
11,334,335,584628
8,1541,2255,587968
4,2717,3461,587157
18,5851,5851,586987
11,336,336,592971
2,257,1030,606960
1,2201,2914,607359
1,2241,2241,609700
23,0,0,614791
1,2195,2195,614044
6,249,250,619062
10,1615,1616,618607
10,1581,1581,619583
8,829,829,621476
16,3280,3281,621725
1,2198,2198,626022
22,847,848,629126
8,706,707,632438
22,836,836,633780
3,992,993,637715
2,248,962,638445
12,469,1239,638535
14,428,428,642514
8,699,700,644204
23,0,0,647640
16,2695,2696,647517
22,843,844,654729
19,740,740,657303
8,707,1501,657846
4,971,971,662290
8,841,841,667506
9,2384,2385,669054
12,447,448,671442
22,845,1573,671136
22,847,1636,691399
1,2198,2199,694314
2,391,1142,696299
12,655,655,699545
16,3574,3575,697110
17,649,649,701525
18,5393,6104,696151
17,629,629,705031
18,4899,4900,705395
20,1339,1340,709564
15,729,730,718519
9,2191,2192,720279
11,335,336,723352
17,924,1682,728318
18,5079,5080,726114
4,995,996,735619
20,1324,1324,737432
18,4797,4798,742476
14,421,421,748763
11,329,331,750854
23,0,0,754372
22,829,829,754463
23,0,1,762157
22,831,832,761667
12,432,432,769579
20,1376,1377,773286
19,837,1568,773367
3,1072,1837,773720
4,1693,2460,774564
3,1117,1118,778448
12,495,496,780630
9,2481,2482,778692
4,922,923,781149
8,808,809,783492
1,2322,2322,782648
17,623,623,785491
8,711,712,789046
17,666,666,789408
6,224,224,790791
14,424,425,792148
12,741,742,795133
18,5253,5253,794321
3,953,953,801194
14,426,427,804035
14,439,439,804755
1,2194,2195,805085
19,772,773,808574
2,251,252,816472
20,1367,1367,818104
11,355,1177,830121
17,632,633,834612
12,430,1221,835144
11,355,355,838879
11,354,354,841069
2,253,253,843632
20,1466,1466,843957
17,625,626,848484
10,1503,1504,851688
23,0,0,853815
11,351,352,857242
1,2202,2202,857786
11,355,355,861693
10,1505,1506,864289
23,0,0,872776
23,0,0,874858
16,2663,2663,873369
6,218,218,876300
2,245,245,877616
4,982,982,884732
11,374,375,885733
15,820,820,886111
10,1596,2362,885006
2,325,1067,886305
11,389,390,887126
17,615,616,890875
16,2983,2983,889372
8,698,699,893926
22,844,845,896525
17,621,621,900723
23,0,0,905428
18,5038,5038,906890
9,2260,2260,912117
12,447,448,921068
15,744,744,922315
11,342,342,927102
1,2196,2196,928834
6,216,1006,930492
20,1321,1322,933321
16,3461,3462,931430
12,432,432,934794
4,2342,2342,942748
6,222,223,945912
18,5725,5726,940571
2,249,977,958723
19,779,780,960349
12,449,449,963138
9,2185,2185,963761
3,2249,3008,965938
16,3538,3538,966627
18,5661,6390,965300
3,962,962,972911
12,471,472,976137
12,439,440,977050
23,0,0,988111
8,751,1473,988419
8,803,1570,988619
6,298,299,991247
18,5006,5007,989971
10,1665,1665,994125
8,858,1638,994474
1,2323,3053,994887
20,1489,1490,996596
22,848,848,998206
15,743,743,1000723
8,699,700,1002633
22,836,836,1006889
3,936,936,1007643
9,2336,2337,1009425
20,1459,1460,1011266
14,437,437,1014032
2,261,1022,1037779
4,990,991,1038918
15,785,786,1040647
20,1496,2255,1039550
14,436,436,1041916
20,1670,1671,1047369
23,0,0,1050595
4,905,1647,1060467
2,246,955,1061266
22,832,832,1066904
15,726,727,1067732
4,1586,1587,1069293
4,1329,1330,1071830
9,2520,2520,1071675
9,2400,2400,1074560
1,2495,2496,1081512
4,1665,1665,1082703
23,0,0,1085540
10,1432,1432,1084570
1,2185,2186,1087005
14,442,443,1092041
20,1405,1406,1092044
23,0,1,1098143
8,700,700,1098963
1,2211,2211,1100212
19,821,822,1102173
12,479,479,1102637
8,688,688,1108440
17,621,1395,1123473
23,0,1,1132807
6,385,1111,1135269
2,251,251,1136928
18,5498,5498,1132924
20,1298,1298,1138335
6,213,214,1139582
22,991,992,1146752
1,2254,2255,1145512
8,716,717,1152129
10,1657,1658,1152504
19,1643,1643,1156762
9,4095,4871,1153540
18,8343,8344,1153429
10,1630,1630,1160901
12,482,483,1162068
9,2879,2880,1164846
9,2902,2902,1165315
6,250,250,1169518
16,2929,2930,1168041
11,334,335,1172621
23,0,0,1174142
11,335,336,1182825
6,217,218,1190729
6,257,1071,1193185
1,2187,2187,1192626
12,422,422,1194970
15,755,756,1195256
18,5227,5227,1199864
14,415,415,1210335
22,842,843,1213238
11,351,1130,1213687
19,781,782,1219604
12,441,442,1221140
10,1592,1593,1222345
22,1151,1152,1222824
9,2133,2134,1224216
1,2195,2195,1227079
16,2942,2942,1236704
6,232,975,1239421
17,612,613,1240875
20,1326,1326,1243059
4,920,921,1243661
4,1018,1019,1245074
11,412,412,1246633
1,2280,3051,1244217
1,2208,2208,1246866
2,241,241,1256872
16,3019,3020,1257266
11,342,1079,1259530
16,3330,4074,1257774
11,331,332,1262483
1,2185,2186,1264138
23,0,0,1269123
9,2194,2195,1267483
20,1501,1501,1268310
22,834,835,1269613
9,2473,2473,1278950
19,1011,1725,1279864
18,5091,5092,1288302
10,1444,1444,1293725
23,0,1,1296862
14,422,422,1297273
16,2451,2452,1303168
20,1268,1268,1306232
12,440,1162,1306805
1,2197,2942,1307424
23,0,0,1311611
12,415,415,1313070
23,0,0,1317503
3,967,967,1317611
3,998,998,1322729
11,344,1129,1322865
8,705,705,1326702
17,615,615,1329283
23,0,0,1337018
3,976,976,1337025
23,0,0,1340740
11,335,335,1341500
23,0,0,1342534
17,625,1370,1357985
20,1295,1296,1359979
23,0,0,1368595
8,698,699,1368934
1,2195,2195,1370162
8,709,1455,1382837
4,1000,1732,1383260
14,478,1218,1383828
17,943,943,1387407
18,5719,6471,1384269
16,2560,2561,1389722
20,1276,1277,1392292
19,1199,1199,1396378
11,416,416,1398038
18,5098,5099,1393666
8,704,1469,1398095
12,439,440,1399470
1,2185,2186,1405074
19,743,743,1414328
3,905,906,1415095
4,948,949,1421753
2,258,1003,1422620
15,744,744,1426117
10,1440,1441,1427988
11,336,336,1431103
10,1534,1535,1433501
22,836,837,1435840
4,1488,2269,1444882
18,5342,5342,1443131
1,2345,3093,1446372
10,1433,2200,1464503
2,250,251,1467558
10,1484,2204,1466204
11,333,334,1469383
2,241,241,1471488
23,0,1,1475931
3,918,918,1478108
3,1150,1925,1478832
1,2274,2275,1479561
8,694,695,1483673
10,1435,1436,1485692
10,1417,1417,1491006
22,1080,1804,1491950
16,2741,2741,1492931
3,930,930,1496830
2,277,277,1497850
10,1454,1455,1497627
15,749,750,1499804
2,240,240,1500941
22,826,827,1503607
17,664,665,1504784
15,816,816,1506423
9,2353,2353,1504958
14,456,457,1507863
12,417,1177,1507152
2,242,243,1511224
19,742,742,1514098
14,410,410,1515203
17,610,610,1517290
16,2464,2465,1522463
6,233,1025,1524439
19,734,735,1526983
12,404,404,1529120
10,1430,1430,1534348
4,946,1657,1535283
22,828,829,1542086
4,894,895,1543881
6,212,212,1547132
14,434,435,1551349
11,328,328,1554121
20,1291,1291,1555342
8,691,692,1557282
6,218,218,1558319
16,2947,2947,1560386
11,360,1134,1562678
19,749,749,1564192
8,704,705,1564687
15,746,747,1567867
15,730,731,1572669
22,826,827,1575159
3,940,940,1577683
23,0,1,1581194
23,0,0,1583485
9,2205,2206,1581726
23,0,0,1586146
20,1255,1256,1585099
1,2464,2465,1588748
18,5607,6385,1588911
20,1459,1460,1594518
10,1473,2238,1594974
16,2920,2920,1599267
22,844,845,1609040
17,629,1402,1609370
17,626,626,1610566
8,723,724,1612443
12,419,420,1616810
2,245,245,1617747
10,1459,1460,1619105
18,4849,4849,1627448
12,773,1482,1645255
11,1036,1741,1648391
18,10704,11450,1643402
11,649,1383,1653602
9,4653,4654,1651402
18,9701,9702,1646978
3,1452,2207,1654962
1,2679,2679,1654940
23,0,0,1660913
18,4828,4829,1665055
12,439,440,1670874
6,218,219,1671439
19,753,753,1672034
14,414,414,1672803
4,1297,1297,1676632
9,2415,2416,1684819
4,943,943,1688475
23,0,0,1691378
10,1498,1499,1691764
6,236,237,1697623
20,1508,2239,1725524
11,835,1562,1726526
3,1561,2293,1726296
18,6984,7751,1722167
11,691,691,1729973
3,1746,1746,1729606
9,3189,3190,1729445
14,437,438,1734438
3,1056,1056,1737537
9,2396,2397,1738076
8,761,762,1741810
3,1158,1158,1741772
15,745,746,1742737
15,765,1490,1742400
18,5051,5052,1745060
23,0,0,1755160
10,1499,1500,1757654
19,755,757,1763857
20,1272,1272,1766357
17,677,677,1767819
22,1417,2192,1767545
22,1726,1727,1769793
1,3252,3253,1770232
18,6558,7292,1767306
2,247,996,1785118
15,750,750,1794495
19,714,714,1796106
16,2208,2209,1799927
3,956,1722,1801186
14,444,444,1804231
3,936,936,1809532
4,1413,2172,1821793
11,340,341,1827348
8,754,1527,1827607
20,1395,2115,1827465
2,344,344,1833805
6,535,1265,1835443
4,3476,3476,1833720
12,652,652,1836752
1,3384,3384,1834523
19,809,1543,1837040
18,6792,6793,1831903
20,1325,1326,1841426
20,1320,1322,1841910
15,746,747,1843614
16,3342,3343,1843764
15,824,825,1850346
1,2372,2372,1849987
16,3483,4266,1850838
3,998,1000,1854470
6,217,218,1855614
17,633,634,1855605
20,1542,1543,1858054
19,702,703,1860600
14,430,430,1865183
14,444,444,1866008
14,512,1267,1875679
9,2311,2312,1875207
1,2287,3017,1876124
23,0,0,1883200
20,1285,1285,1883482
6,209,210,1886314
17,619,619,1888483
19,754,754,1889329
14,447,448,1891974
22,840,841,1893109
6,220,221,1896440
9,2273,2273,1899239
17,615,616,1903053
9,2267,2268,1909098
18,5117,5117,1914354
1,2323,3102,1916906
11,358,1128,1919033
22,864,1576,1919199
11,729,729,1924665
22,1992,1993,1924576
2,344,344,1926835
9,4143,4144,1924696
18,6844,6845,1922488
9,3267,3267,1926804
8,697,697,1936501
19,746,746,1938144
2,244,245,1945656
19,736,737,1950162
12,469,470,1953172
8,714,1473,1953181
2,249,249,1954644
19,745,745,1956499
22,1196,1196,1959058
4,1859,1859,1958729
8,1044,1044,1964187
22,1394,2100,1964416
18,5745,5745,1962348
15,1039,1040,1967094
1,2402,2403,1966641
22,818,819,1970718
15,748,749,1973816
20,1285,1286,1975540
23,0,1,1988182
3,982,1799,1988989
6,218,218,1993839
23,0,1,1999890
6,260,1026,2002252
9,2297,2298,2001385
20,1604,2315,2002100
11,336,337,2004349
9,2441,2441,2005067
3,949,949,2008605
11,337,338,2012297
15,795,797,2014248
4,1074,1074,2014100
8,699,701,2015785
22,832,833,2020437
14,443,1224,2020464
16,2894,2895,2019081
3,958,959,2027391
3,923,923,2030520
6,241,1016,2032478
17,616,1346,2033442
16,3091,3091,2032212
23,0,1,2035659
6,210,211,2039822
14,436,437,2044507
22,842,842,2045664
1,2197,2197,2047861
19,738,739,2051412
4,902,903,2053451
19,752,1497,2066650
19,789,1550,2066926
22,835,836,2068266
14,422,422,2069614
9,2231,2232,2070241
12,478,479,2075092
1,2241,2241,2073626
4,877,878,2077693
3,919,919,2081397
17,608,609,2085328
11,332,332,2087472
4,865,867,2089257
8,697,698,2097171
19,719,720,2098392
22,828,828,2099179
19,718,718,2100664
18,7038,7756,2100936
15,750,750,2108432
4,2249,2249,2111257
11,409,1138,2112515
9,2896,2896,2111132
12,434,435,2115836
2,239,239,2116888
15,735,735,2117118
8,721,721,2117931
10,1422,1422,2120566
6,200,201,2125965
10,1467,1467,2126704
17,609,610,2135129
19,739,739,2136966
4,875,875,2140566
23,0,1,2145519
1,2231,2232,2147288
4,928,1711,2148279
9,2143,2143,2159109
22,828,830,2161843
2,241,241,2163951
11,332,333,2166278
10,1421,1421,2166736
6,219,220,2169649
2,256,1014,2169659
19,728,729,2178331
8,704,705,2181290
6,269,1019,2182693
16,3122,3123,2182469
19,1132,1133,2185291
18,8492,9256,2181517
15,741,741,2195116
6,226,227,2197590
19,722,723,2199217
6,245,246,2200408
1,2740,2740,2205864
12,2178,2887,2213890
9,7139,7139,2210573
11,1562,2316,2216596
11,1107,1107,2221748
18,16640,17368,2206173
18,16532,17288,2206487
18,10346,11154,2213294
9,2158,2159,2226204
14,425,426,2228722
8,709,710,2229214
19,741,742,2231024
15,742,743,2233744
11,376,1138,2233799
19,799,1522,2233922
17,660,661,2241950
20,1471,1471,2241916
12,553,553,2247019
3,1026,1027,2246958
16,2921,2922,2255366
10,1428,1429,2265944
15,749,1481,2266595
9,2182,2899,2266822
2,238,239,2270840
17,607,608,2271571
11,332,332,2274734
19,716,717,2275994
22,835,835,2277527
3,964,1719,2278231
15,725,725,2284378
22,834,835,2285591
14,422,423,2295428
1,2362,2363,2297821
4,1978,2756,2298212
19,721,722,2301108
11,390,391,2303279
1,2232,2232,2302866
17,617,618,2305145
16,2749,2751,2306367
1,2354,2355,2308317
16,3180,3894,2308840
1,2184,2185,2312301
20,1305,1305,2316619
11,395,395,2320838
12,434,435,2320927
8,696,697,2321735
19,802,803,2323865
16,2920,2921,2323579
1,2645,3417,2324377
18,5473,5474,2325582
23,0,0,2333752
20,1297,1298,2334546
14,432,432,2336252
6,220,220,2337698
22,1464,2194,2340770
16,3450,3450,2340531
16,2849,3618,2341268
19,1875,2635,2342781
9,4081,4875,2340592
23,0,0,2345906
22,1930,2640,2343460
22,1823,1824,2344993
3,1573,1573,2345275
16,3622,4337,2342565
9,4346,4347,2343036
3,919,920,2352924
3,1053,1053,2354309
16,2772,2773,2354005
4,1465,1465,2356297
22,1484,1484,2358113
18,5383,5383,2356543
12,455,455,2371470
6,255,984,2375639
18,4814,4814,2372655
6,206,207,2384563
10,1452,2169,2396402
23,0,1,2400331
9,2211,2212,2406366
22,828,830,2412994
6,209,211,2422738
8,856,1647,2425648
18,5037,5038,2423180
17,672,673,2427933
20,1473,2227,2427262
23,0,0,2429676
12,473,473,2432484
11,338,339,2434102
17,616,617,2435364
19,752,752,2435774
20,1531,1531,2436420
11,340,340,2437845
8,696,697,2440649
3,961,962,2445711
19,810,810,2445940
19,755,755,2449817
8,793,794,2450878
1,2276,2277,2450008
8,772,1499,2450948
3,950,951,2457411
20,1281,1281,2458666
15,762,763,2459585
14,431,431,2459978
11,332,333,2460489
20,1321,1321,2460688
17,620,620,2466663
15,749,750,2467862
17,623,623,2469027
2,244,244,2470204
4,928,1686,2481431
16,2683,2683,2484266
6,244,244,2494412
11,346,1126,2494621
6,228,229,2496487
8,942,943,2500378
18,5010,5010,2498126
8,692,692,2511593
10,1436,1436,2513324
14,439,440,2517950
16,3106,3107,2519547
10,1441,2207,2522052
1,2191,2192,2526469
12,471,472,2529975
20,1448,1449,2530601
10,1612,1612,2533037
11,518,1247,2533523
8,938,1664,2533117
16,6623,6623,2531195
18,4787,4787,2538082
19,723,723,2545793
8,694,694,2552061
1,2191,2901,2552546
15,952,953,2559337
3,1479,1480,2560579
18,5283,5284,2557804
23,0,1,2569089
18,5109,5887,2574554
4,1355,1356,2581121
14,455,455,2584905
1,2198,2935,2585087
4,965,965,2593423
23,0,1,2594546
9,2349,2350,2594591
12,424,1138,2596384
8,697,699,2600888
2,245,246,2603074
3,992,994,2611776
19,738,739,2613198
14,423,424,2615528
15,750,752,2618839
22,838,839,2620933
4,912,913,2621813
10,1936,1937,2622963
9,2727,3466,2621857
2,255,1011,2624612
6,224,225,2633610
1,2194,2196,2636293
6,317,1031,2646881
2,398,400,2650504
4,4557,5324,2647687
9,5467,6284,2646787
12,1895,1897,2651966
9,4619,5348,2650577
18,10618,10620,2645509
14,417,418,2658120
20,1236,1238,2658714
11,339,341,2661927
2,247,248,2662598
4,1596,1597,2669327
17,672,1384,2669711
20,1295,1296,2676355
22,836,837,2677445
20,1342,1344,2679516
8,779,781,2682501
8,851,852,2682791
4,911,912,2683642
2,236,238,2685829
15,760,761,2688737
20,1865,1866,2688403
6,238,242,2690035
2,250,980,2689347
2,259,1014,2690133
17,620,622,2694422
4,920,921,2695740
6,207,208,2697384
1,2648,2649,2699495
14,433,435,2706669
18,7830,7832,2699689
14,511,514,2707143
6,252,253,2716383
18,7048,7049,2709858
19,722,724,2718381
10,1471,1473,2721854
2,242,243,2729813
3,931,933,2739192
17,614,615,2741082
2,361,1069,2743732
9,2662,3454,2741395
4,1860,1861,2743334
4,898,899,2748744
8,689,691,2750067
3,950,951,2751240
23,0,1,2759867
16,2767,2768,2758905
12,424,426,2766728
6,231,231,2771614
2,351,1075,2774349
9,3441,4150,2771810
9,3282,3284,2773459
1,2833,3599,2773906
18,5720,5720,2780301
16,3116,3117,2784013
6,284,284,2791762
10,1506,1506,2791008
19,733,734,2794390
6,227,228,2795760
20,1310,1312,2795389
15,743,744,2797807
8,904,904,2803327
9,2381,2382,2802702
11,377,377,2806490
1,2241,2241,2804644
14,430,431,2807741
2,274,274,2809937
1,2193,2193,2808793
15,750,750,2811783
9,2196,2197,2812882
9,2351,2351,2822605
23,0,0,2833393
16,2058,2834,2835642
17,614,615,2838996
11,349,349,2842653
14,424,424,2843831
20,1366,1367,2844918
3,956,957,2846855
11,338,338,2849984
22,830,831,2853681
14,434,434,2854901
22,833,833,2858081
11,383,1110,2860884
1,2230,2230,2860587
23,0,0,2868502
20,1698,1699,2868165
9,2547,2548,2867698
3,980,980,2870025
2,272,272,2872384
20,1323,1324,2872146
9,2481,2481,2872830
11,339,340,2877282
20,1421,1422,2877610
15,755,755,2879026
8,1089,1820,2879584
9,2430,2430,2883267
18,6824,6824,2879516
3,927,928,2887442
23,0,1,2891883
16,2843,2843,2890914
3,923,923,2900387
4,975,975,2903127
6,210,210,2904129
6,212,967,2905657
1,2185,2185,2905616
10,1416,1417,2909977
17,607,608,2914687
16,3067,3068,2922429
12,495,1230,2937870
4,972,1680,2937658
4,896,896,2940591
20,1366,1366,2947531
20,1315,1315,2948086
8,784,1494,2948727
23,0,0,2950385
4,1337,1337,2950376
11,534,1250,2951170
11,556,1290,2951203
10,1914,1914,2950888
16,2863,2863,2950802
12,434,435,2953674
20,1420,1420,2955029
14,430,431,2961321
2,238,239,2967462
8,694,694,2968039
1,2198,2985,2968591
4,1340,2090,2984228
20,1318,2071,2985600
20,1485,1485,2991378
4,893,894,2993469
4,895,895,2997364
9,2278,3029,2997407
3,1023,1023,3001270
15,812,813,3001842
2,259,260,3004200
17,622,622,3003943
12,438,438,3008644
15,846,1616,3015212
1,2248,2248,3014859
20,1466,2192,3015675
1,2190,2902,3016325
6,212,212,3020681
23,0,0,3026660
6,214,214,3026489
11,339,340,3026920
20,1271,1271,3027512
19,767,768,3028818
3,914,1642,3029407
8,697,697,3032640
4,1525,1526,3035341
20,1314,1314,3037040
23,0,0,3039889
15,744,744,3041651
19,736,1472,3041712
12,432,433,3044040
6,230,231,3045431
6,222,223,3046211
14,426,427,3046116
15,768,769,3046905
17,758,1529,3046369
10,1570,2323,3046427
6,269,270,3052696
11,339,339,3053354
2,248,249,3054121
16,2948,2948,3052322
6,225,226,3058846
12,400,400,3059037
20,1362,1362,3059513
14,447,448,3061523
17,637,637,3061598
19,730,731,3062942
17,615,615,3067246
6,233,234,3068030
10,1411,1412,3071261
20,1416,1417,3080306
8,908,1615,3081340
9,2367,3077,3080712
8,688,689,3086434
2,237,237,3089790
18,7249,8032,3103228
15,751,752,3117505
17,617,618,3121685
11,584,1361,3122724
12,1034,1034,3124259
1,3084,3811,3123204
23,0,1,3128284
17,1460,1460,3127199
4,1671,1671,3127219
2,290,291,3129219
18,7223,7223,3122592
3,974,974,3132990
3,982,984,3135313
2,272,273,3139170
1,2192,2193,3137551
3,926,927,3144291
8,1055,1837,3155822
18,5794,5794,3153733
1,2245,3003,3157534
22,841,841,3167419
1,2195,2195,3168515
23,0,0,3175294
2,252,252,3177466
9,2261,2261,3181780
18,5181,5947,3199612
16,2799,3552,3203405
4,917,917,3209263
23,0,0,3210717
3,958,958,3213613
16,2771,2772,3215674
9,2251,2252,3222260
12,426,427,3226092
16,2772,3535,3223307
10,1631,1632,3229715
16,3427,3428,3230112
2,247,247,3235057
10,1459,1459,3236069
16,2898,2898,3235310
1,2494,2494,3240906
1,2464,2464,3241136
20,2529,3243,3241554
9,2173,2173,3243794
23,0,0,3248073
8,778,778,3250062
18,4843,4844,3255046
4,1010,1011,3260276
1,2274,2999,3259032
20,1462,2237,3288378
10,1935,2664,3289768
16,3396,4164,3289084
2,447,1207,3292335
23,0,0,3295027
3,2197,2968,3292072
10,3025,3025,3292051
11,833,833,3295033
23,0,1,3298967
22,2465,2466,3299798
18,12693,13453,3289884
18,9762,9763,3294734
3,962,963,3304267
19,746,746,3306970
15,739,739,3309143
17,618,619,3314576
1,2192,2193,3315221
22,844,1622,3316430
4,993,993,3317968
18,4943,4943,3318662
6,207,207,3323494
12,396,396,3326977
2,265,266,3332654
1,2190,2191,3333933
11,339,1064,3335431
10,1407,1408,3336522
20,1514,2267,3370065
15,848,1615,3371779
17,618,1354,3372689
16,2552,2552,3372470
4,979,1739,3373379
22,839,840,3374812
16,2717,2717,3375799
23,0,1,3379673
22,828,829,3381327
4,1335,1335,3390292
4,1486,2232,3391155
6,229,229,3395434
23,0,0,3398848
2,250,251,3398939
23,0,1,3401489
15,744,745,3406202
20,1336,1337,3411600
2,249,249,3415252
16,3082,3083,3416269
8,699,700,3422267
6,225,982,3422512
6,218,218,3426067
11,339,339,3426448
19,804,1552,3433307
18,5632,5632,3429397
9,3502,3503,3435272
15,939,940,3439478
18,8490,8491,3435395
1,2189,2189,3449272
6,218,928,3450866
23,0,1,3452709
4,948,949,3459137
17,608,608,3461806
16,2410,2410,3463819
9,2243,2243,3469483
1,2210,2210,3474052
20,1542,2309,3474571
20,1560,1561,3481990
17,626,626,3483868
23,0,0,3486263
10,1478,1479,3488208
20,1222,1955,3488962
6,205,205,3492767
11,350,350,3493125
23,0,0,3494402
16,2973,2974,3494023
3,1028,1029,3496263
2,374,1139,3496838
4,1808,1808,3497028
14,600,600,3498284
18,5462,5463,3498531
8,772,772,3505787
19,876,877,3506009
4,1027,1027,3507384
1,2441,2441,3513946
20,1328,1328,3517223
16,3652,3652,3515166
11,350,350,3520002
19,732,734,3522872
6,209,209,3525008
6,224,224,3529619
22,846,847,3531723
14,441,442,3533869
2,255,256,3538886
22,846,847,3539283
4,963,963,3541554
17,620,620,3542727
8,699,700,3544280
11,346,346,3545460
17,620,620,3545943
8,1080,1809,3547657
15,985,1735,3548784
18,8295,8296,3546697
17,615,616,3555601
14,466,466,3557765
20,1611,1611,3556794
1,2279,2279,3556825
6,233,233,3563255
3,968,968,3563207
15,754,755,3564040
11,337,338,3566558
12,437,437,3567992
8,694,695,3568826
2,246,246,3575803
22,1031,1031,3576725
10,1598,2379,3575986
11,345,1072,3577456
19,751,751,3581328
23,0,1,3585599
4,1011,1012,3584695
9,2270,2270,3585204
1,2205,2205,3586958
11,333,334,3589046
10,1418,1418,3589391
15,751,751,3593760
14,430,431,3594784
1,2189,2190,3598991
14,429,429,3604646
16,2284,2284,3605118
20,1332,1332,3609721
11,341,341,3615556
9,2293,3021,3631125
3,1072,1844,3632632
6,399,400,3635857
23,0,1,3637586
6,576,576,3637447
9,3902,4638,3633578
9,4132,4878,3633358
1,2727,2727,3636259
20,1325,1326,3639578
1,2196,2197,3641337
23,0,0,3668480
19,731,1494,3669720
6,205,205,3671353
14,437,437,3674267
8,696,698,3680543
9,2362,2363,3683822
19,767,1504,3685267
19,804,1526,3685580
16,3288,4015,3686155
23,0,0,3691099
11,338,339,3693568
4,903,903,3697859
12,414,415,3705109
4,909,910,3705736
3,965,965,3707286
3,917,917,3714317
17,632,1406,3714500
23,0,0,3716039
2,246,247,3724798
9,3656,4382,3725291
10,2825,2826,3729801
18,11804,11804,3725108
4,5109,5898,3731549
16,3788,3788,3735269
17,2573,2574,3740546
20,1859,1859,3744709
18,16654,17409,3729589
18,14637,15385,3731768
9,2991,2991,3745116
6,224,225,3750957
8,1148,1149,3753772
23,0,0,3756174
18,5139,5140,3752499
22,944,944,3762413
9,2362,2362,3761153
23,0,1,3764759
3,922,922,3773406
17,923,1649,3804760
18,5222,6027,3801796
1,2247,2247,3806419
8,705,1412,3807730
1,2200,2200,3810256
12,444,444,3814825
11,332,333,3817570
15,729,729,3824239
8,806,806,3825496
19,848,1618,3824687
6,232,233,3833459
4,1562,1563,3840217
11,340,341,3843380
6,235,236,3848200
22,845,846,3849725
17,621,1355,3850104
20,1320,1321,3853536
14,436,437,3855152
20,1440,1441,3854299
20,1239,1239,3855802
17,609,610,3856606
15,730,730,3857415
8,694,695,3859074
2,239,240,3860983
15,731,731,3866474
23,0,0,3868865
12,430,431,3869360
15,757,1547,3869553
20,1314,1314,3872477
15,736,736,3874620
10,1439,1439,3878296
18,4823,4823,3881729
14,466,1196,3885558
8,728,728,3887167
8,864,865,3888418
9,2439,2439,3887465
23,0,0,3890058
17,665,1388,3888682
23,0,1,3892761
8,692,692,3894642
12,485,485,3897888
15,787,788,3898045
14,552,552,3900408
2,271,272,3901624
1,2210,2210,3899794
14,424,424,3904158
4,963,964,3905030
3,999,1001,3907118
17,665,666,3907792
14,584,584,3911324
16,2422,2422,3911158
1,2262,2989,3911661
4,1014,1014,3913851
16,2341,2341,3914703
2,242,242,3916997
11,346,346,3920428
22,866,867,3920504
22,839,839,3922656
2,243,243,3925831
6,216,216,3927353
12,410,411,3928865
12,419,420,3934290
11,337,337,3942669
19,759,1556,3953233
1,2198,2198,3955926
9,2415,2416,3960415
20,1358,1358,3963421
17,622,1357,3964650
10,1456,1457,3968877
22,837,837,3971088
6,241,241,3975572
18,5885,5886,3975991
9,3766,4501,3977921
10,1955,2684,3979997
14,582,583,3982114
15,737,737,3983128
20,1405,1406,3983696
20,1426,2141,4003180
10,1530,1530,4008364
4,1021,1802,4009014
17,623,623,4011308
8,707,708,4017396
12,444,444,4021957
22,853,853,4022566
10,1352,2102,4026020
16,2732,2732,4025550
17,619,620,4028649
22,837,838,4030362
23,0,0,4035855
1,2196,2196,4033812
23,0,1,4036939
23,0,0,4044557
4,926,1680,4047994
14,433,433,4053679
20,1348,1349,4056575
9,4010,4725,4057216
14,694,695,4061797
12,735,736,4062140
14,513,513,4062992
8,1029,1031,4063220
18,7369,8119,4057348
17,741,741,4068535
18,5419,5420,4064227
22,829,829,4071395
17,611,612,4072833
17,609,610,4077625
10,1720,1720,4078177
16,2817,2817,4078329
9,2339,2340,4081067
9,4105,4106,4084664
12,846,1572,4088134
18,6973,6974,4083361
19,1566,1567,4088810
12,556,557,4090409
6,239,240,4090774
9,3545,4337,4087002
8,691,692,4091726
22,844,845,4096465
19,715,715,4104234
19,732,733,4109503
2,259,1028,4109640
20,1479,1479,4110537
10,1516,2296,4109835
22,849,850,4115875
4,967,968,4119232
11,342,344,4121773
17,621,622,4128518
14,433,433,4129657
14,429,429,4130261
14,439,1201,4130067
22,843,844,4135725
22,837,838,4140813
19,735,736,4142783
14,445,1155,4143018
8,691,692,4144942
8,684,684,4148570
14,437,437,4152154
22,844,844,4152266
16,2659,2660,4157237
23,0,0,4160229
23,0,0,4160381
1,2203,2203,4159697
14,430,430,4162132
17,610,610,4168290
11,661,1372,4180359
1,2423,3223,4179232
1,2425,3196,4179988
15,834,835,4182389
9,2460,2461,4186528
15,742,744,4192944
16,2742,2743,4191689
1,2187,2187,4195821
8,801,801,4201216
1,2327,2328,4200311
17,668,1435,4201425
23,0,1,4206356
22,841,841,4207287
8,709,710,4211878
4,3753,3754,4214599
14,449,1225,4218256
18,7446,7446,4212460
15,736,737,4223787
23,0,0,4236200
16,2979,2979,4234216
19,889,1614,4236543
10,1589,2339,4236510
8,697,697,4241063
3,933,933,4242650
3,949,949,4244280
8,696,697,4248912
14,426,427,4254774
17,614,615,4257020
20,1300,1301,4259453
2,256,1059,4259870
17,713,713,4262262
4,1049,1049,4262110
2,248,961,4275787
11,334,334,4277581
11,345,1097,4277885
22,1362,1362,4284214
18,5685,5686,4283759
9,2901,2901,4287256
3,949,949,4291424
10,1747,1747,4292461
10,1698,1699,4293065
20,1373,2152,4293714
14,432,432,4299930
3,941,941,4304229
12,418,419,4307080
2,249,249,4310074
19,734,736,4311597
11,339,1071,4314356
16,3224,3225,4313776
10,1670,1670,4318666
16,2830,2830,4318913
23,0,0,5972895
14,19798,20526,5983112
3,31736,43914,5965098
3,26624,37414,5971631
15,48091,48859,5961693
22,33526,44293,5969840
16,31729,32438,5982737
20,34113,44876,5971526
20,7566,11214,6005364
10,39903,51609,5965568
18,34582,35342,5981950
20,10655,10656,6010475
1,17971,18663,6002946
17,1048,1049,6022320
19,7086,7086,6016780
19,877,877,6031461
19,834,834,6031640
16,2776,2776,6033413
9,5016,5017,6034960
15,975,1733,6039903
18,7023,7023,6036355
15,1220,1220,6045013
12,7820,7821,6041924
14,1092,1863,6048888
6,698,698,6050619
14,1076,1783,6049607
17,2645,3395,6048351
18,8640,8641,6043500
6,442,442,6051927
11,777,777,6052020
2,633,633,6053937
14,1063,1064,6053897
11,1292,1293,6053845
6,840,1567,6054510
20,3076,3077,6053697
1,4833,4833,6052172
18,10194,10194,6047421
16,3686,4440,6054414
3,1836,1836,6058322
3,2054,2054,6059820
17,1861,1861,6062391
15,1356,1356,6064387
1,3653,3654,6062114
18,8603,8604,6057798
22,1480,1480,6064924
8,752,753,6066398
2,257,258,6066925
6,493,493,6068129
11,857,858,6068241
23,0,0,6070473
22,2643,2644,6068670
6,793,793,6071354
19,3822,4573,6068267
17,3925,3925,6069114
4,5103,5104,6067990
9,5971,5972,6067344
8,1862,1863,6072156
11,633,1339,6072819
11,649,650,6075048
23,0,0,6075755
9,5006,5774,6070286
6,316,317,6076033
8,918,918,6075507
17,646,646,6076383
15,1036,1037,6077138
23,0,0,6079364
17,840,841,6081106
2,323,323,6081867
18,6146,6146,6076898
14,441,441,6083058
19,1073,1073,6084252
16,2838,2838,6083655
2,246,246,6086635
16,3274,3274,6084203
23,0,1,6088719
2,251,253,6090787
20,1588,1589,6093064
17,657,657,6099546
14,437,1208,6100195
11,363,363,6102318
22,1238,1239,6103125
3,1331,1331,6103152
8,731,731,6107185
8,738,738,6107803
23,0,0,6112829
12,617,617,6112499
9,2539,2539,6111150
11,470,470,6113506
8,1012,1801,6112769
2,263,996,6113638
15,749,749,6114467
11,495,495,6117057
1,2384,2384,6116090
23,0,0,6120654
19,1171,1173,6121545
4,2028,2029,6120886
22,1825,1826,6124084
12,1362,2086,6125489
1,3988,3989,6123764
4,2569,3322,6124724
1,4119,4120,6124175
8,823,824,6128277
6,283,285,6128843
14,447,448,6129701
20,1569,1570,6128667
6,259,260,6132317
23,0,1,6132877
1,2664,2666,6131217
19,1155,1156,6133018
19,1087,1089,6133113
20,1775,1777,6132523
2,249,250,6134998
4,2001,2003,6136497
23,0,1,6139066
17,1410,1412,6137933
19,1355,1356,6138169
9,3859,3860,6136262
19,1341,1343,6139055
8,1220,1221,6139409
12,555,1285,6139410
11,1162,1164,6141828
3,5041,5043,6142894
4,4913,4915,6143460
8,4231,4232,6144715
15,4618,5349,6146993
1,7030,7765,6146183
15,2939,2941,6152728
9,8937,9655,6146827
9,8097,8099,6150045
11,1195,1197,6157476
11,1308,1310,6157772
15,1409,1411,6158196
23,0,1,6160860
19,2581,2582,6159096
18,21409,21410,6140656
8,2541,2542,6159572
18,20634,20636,6141651
16,3825,3827,6159638
17,654,655,6164567
20,1488,1489,6164100
17,779,781,6165205
10,1849,1851,6165316
22,895,896,6169895
2,302,304,6170489
3,1054,1056,6173237
20,1899,1900,6175566
10,3663,4488,6175666
12,2572,2572,6177968
8,4762,5496,6177018
3,4195,4959,6178249
12,1505,1505,6181882
4,5593,6339,6177155
20,3667,3668,6180853
22,1365,1366,6185694
17,1490,1491,6186181
4,4598,5376,6182410
18,12947,12949,6175082
6,241,241,6190018
12,700,702,6192247
9,2774,2775,6191457
22,1169,1169,6193256
6,254,255,6195433
22,908,909,6196695
17,688,689,6197351
23,0,0,6199013
12,446,446,6199328
12,685,686,6199808
16,3052,3052,6199711
1,2688,2688,6202477
2,441,1161,6207239
23,0,1,6208479
10,3354,3354,6206300
6,462,462,6209640
4,2915,3645,6207645
16,3358,3359,6211241
3,2623,2623,6212298
18,11646,11646,6204060
1,4499,4499,6212348
11,1190,1190,6217434
3,3437,3437,6215357
20,2950,2950,6217474
17,1460,1460,6220865
20,2139,2139,6220965
2,332,332,6223618
11,1144,1145,6224780
18,13740,14462,6214549
9,6915,6916,6222909
22,3926,4658,6225181
2,581,581,6229508
3,5426,6190,6224806
23,0,0,6231000
22,3824,4593,6226728
1,7581,7582,6223995
17,5279,5995,6225582
20,7542,7542,6226037
23,0,1,6234265
14,1485,1485,6232917
12,2709,2710,6231939
1,9255,9969,6227749
2,963,964,6237091
19,7418,7418,6233096
11,2993,3206,6237505
23,0,0,6242122
8,8226,8226,6235005
10,9473,9474,6233803
4,10446,10447,6233160
6,1187,1909,6242509
22,4240,5559,6239195
17,6240,6240,6238791
1,10052,10052,6236534
9,12808,12808,6234046
14,903,903,6245973
19,2129,2129,6245323
1,6882,7875,6239718
6,315,315,6247468
18,18375,18375,6229937
3,1364,1365,6247501
15,784,785,6248609
14,527,528,6249307
3,1231,1232,6254337
6,240,240,6255412
6,241,242,6255700
8,796,796,6255738
20,1358,1359,6257675
4,1165,1165,6260900
19,802,803,6264694
15,822,822,6265235
11,804,1561,6266710
16,3315,3316,6266419
4,2978,3691,6266891
6,304,304,6270607
20,2209,2209,6269565
15,1101,1101,6271406
12,2180,2180,6272373
15,1512,1512,6273805
3,1154,1155,6274621
18,10284,10286,6266012
14,441,441,6276950
17,698,699,6278870
14,537,538,6279086
12,444,445,6280830
19,754,755,6281771
16,2568,2569,6282805
16,3408,3408,6284952
10,2550,3261,6285178
9,3846,3847,6284634
22,1256,1257,6287670
10,1709,1709,6290414
11,628,628,6291529
4,3008,3008,6295017
14,1022,1022,6297114
17,2098,2098,6296039
2,397,397,6298077
8,1857,1857,6298346
20,2689,2690,6298664
14,1071,1071,6300343
12,1605,2352,6299664
22,2375,3139,6299454
1,4435,4435,6299329
19,2471,3182,6301229
3,2889,2890,6303828
11,1250,1251,6305667
18,12643,12643,6294633
11,951,951,6306351
9,4620,4620,6303590
6,275,276,6308347
16,3907,3907,6304820
22,1249,1249,6308419
15,1027,1028,6309047
20,1851,1851,6308289
10,3130,3131,6309118
22,2381,2382,6310657
16,4117,4117,6309718
23,0,0,6313950
8,3238,3238,6311603
1,5944,5944,6309781
10,4646,4647,6311389
11,1345,1345,6315276
4,5957,5958,6312853
10,5598,5598,6313252
6,695,1404,6317752
8,4405,4405,6315004
8,3910,3910,6316693
3,3507,3507,6317327
16,4594,4594,6316261
10,4874,5584,6315279
17,1979,2711,6318210
12,495,496,6321827
10,1635,1635,6321980
20,1290,1290,6326557
9,2818,2818,6329166
10,1540,1541,6333652
6,253,1031,6334481
6,277,277,6336041
10,1727,2489,6335095
17,997,997,6340270
8,1028,1029,6340406
20,1735,1736,6340115
19,744,744,6342394
10,1851,1851,6343192
12,467,467,6345717
16,2951,2951,6343921
14,537,537,6347060
11,570,571,6348251
10,1722,1722,6347131
2,355,355,6349323
6,680,1434,6350598
8,2824,2824,6350424
11,1248,1248,6352492
3,4248,5019,6351637
1,6526,6526,6350240
20,4499,5274,6351865
10,4050,4050,6353501
18,10189,10189,6349016
15,745,745,6361046
11,513,513,6362395
14,545,546,6363433
1,2493,2493,6361899
17,654,655,6368138
14,1049,1798,6369872
15,1822,2549,6369696
2,594,595,6372433
20,3272,4003,6370130
12,992,993,6373602
20,2706,3423,6371369
9,6542,6543,6369337
11,632,632,6375950
22,1558,1558,6377214
18,15485,15487,6369404
11,2656,3382,6383286
4,7514,7514,6379817
20,6561,6561,6380794
23,0,0,6388161
23,0,0,6390652
19,6295,6618,6384567
10,8668,9421,6382328
9,12384,12384,6379931
8,5919,6805,6385782
17,5210,5210,6387666
19,2925,2925,6390403
11,1140,1140,6393232
9,11171,11932,6384077
8,3298,3299,6394970
3,3003,3003,6396840
9,6790,6790,6395198
11,1223,1225,6401436
3,3673,3673,6399110
23,0,1,6403571
14,1020,1773,6401918
23,0,0,6404494
3,3843,4447,6402056
1,5928,5930,6400729
12,5575,5576,6401204
23,0,0,6408690
23,0,0,6408994
12,7272,7291,6401969
22,3814,4057,6406415
2,467,468,6411329
15,9439,9852,6402370
18,32584,32584,6379886
18,29807,30572,6381925
15,6891,8228,6405166
17,3155,3156,6410626
23,0,0,6417025
6,960,961,6416260
19,4466,4467,6413250
4,6890,6890,6410935
8,2935,2935,6416485
20,4584,4585,6415839
2,287,287,6420470
17,2187,2188,6419610
6,400,401,6422259
6,812,1584,6425128
15,4623,4623,6423722
18,29444,29444,6399855
18,25674,25870,6403495
12,6879,6880,6422789
16,5330,5331,6424550
16,6431,6432,6423455
16,4767,5495,6424613
18,12604,12604,6418410
10,1643,1643,6432029
11,372,372,6437289
3,1313,1314,6438282
10,1883,1884,6438775
14,454,454,6441329
8,730,731,6442028
2,245,246,6443327
22,904,905,6444862
14,538,539,6446321
15,783,785,6446275
23,0,0,6449847
2,280,280,6449934
20,1652,1653,6449797
22,1751,1751,6451490
18,7774,7774,6450301
6,306,306,6458289
4,3827,3827,6454775
1,3582,4312,6454832
14,636,1350,6458527
12,609,610,6460224
1,2513,2513,6458772
8,715,715,6463480
17,1273,1273,6464247
6,442,442,6465608
1,3494,3494,6464296
9,5263,5264,6464306
11,1259,2044,6467619
22,2342,2342,6467440
17,2024,2024,6468244
10,3341,3341,6467230
8,1186,1186,6469667
12,412,413,6472490
23,0,0,6474065
1,2371,2372,6475568
22,919,919,6479196
23,0,0,6480262
8,747,749,6479889
4,1330,1331,6481634
15,963,964,6484136
17,646,646,6486828
12,1607,1608,6487858
15,1304,2019,6488417
18,8395,8396,6482176
17,1242,1243,6491111
8,1757,1758,6492601
8,1979,1979,6492898
14,1289,2033,6494300
22,2909,3678,6493743
16,4093,4094,6493458
23,0,0,6497620
12,2553,3271,6496023
19,3916,3917,6495497
18,12012,12730,6487003
3,4689,4690,6495075
18,8113,8823,6494053
17,646,647,6503312
6,236,237,6504310
4,1145,1146,6504410
23,0,1,6506465
15,750,751,6506495
15,1157,1158,6509057
22,1747,1747,6508913
14,976,1751,6510024
22,2642,2643,6512628
17,2723,2723,6513469
4,3764,3764,6512766
8,2477,3187,6514388
15,2393,2393,6515388
16,4419,5190,6513961
12,2634,2634,6517159