query_stream_id,query_id,start,relative_start,query_duration,query_duration_with_queue,start_delay
14,12,1759827003969,5587,1155,1703,0
14,1,1759827002101,3719,2973,3501,0
14,17,1759827003302,4920,6029,6570,0
14,12,1759827012161,13779,302,304,1
14,18,1759827012640,14258,4540,4540,0
14,4,1759827020098,21716,2233,2233,0
14,2,1759827024023,25641,589,589,0
14,19,1759827020959,22577,4560,4560,0
14,12,1759827027385,29003,484,485,0
14,3,1759827034329,35947,4668,4669,0
14,10,1759827034332,35950,4848,4849,1
14,2,1759827057483,59101,225,750,0
14,11,1759827062500,64118,303,303,0
14,4,1759827080909,82527,810,1456,0
14,1,1759827094434,96052,2070,2578,1
14,10,1759827098997,100615,1223,1224,0
14,20,1759827101748,103366,1518,1519,0
14,2,1759827102872,104490,255,791,0
14,22,1759827092432,94050,8317,8319,0
14,10,1759827102517,104135,1254,1781,0
14,8,1759827102138,103756,4646,5210,0
14,6,1759827112205,113823,184,185,1
14,20,1759827111338,112956,1216,1216,0
14,12,1759827118087,119705,346,346,0
14,14,1759827125249,126867,487,488,0
14,20,1759827125571,127189,1313,1800,0
14,9,1759827125603,127221,1816,2293,0
14,14,1759827133739,135357,356,357,1
14,2,1759827135563,137181,210,211,0
14,20,1759827134238,135856,1185,1185,0
14,8,1759827138643,140261,834,834,0
14,3,1759827146841,148459,634,636,0
14,2,1759827147377,148995,216,809,0
14,8,1759827149824,151442,726,726,0
14,11,1759827152627,154245,286,286,0
14,2,1759827153162,154780,275,276,0
14,18,1759827152877,154495,2222,2222,0
14,15,1759827156260,157878,316,317,0
14,19,1759827158919,160537,769,769,0
14,14,1759827160278,161896,349,349,0
14,1,1759827160964,162582,1791,1791,0
14,1,1759827171828,173446,1621,1621,0
14,20,1759827178505,180123,1336,1337,0
14,11,1759827179162,180780,324,896,0
14,19,1759827179974,181592,1067,1587,0
14,9,1759827180101,181719,2536,3119,0
14,16,1759827179560,181178,2897,3431,1
14,11,1759827185924,187542,375,376,1
14,18,1759827183924,185542,2249,2249,0
14,2,1759827188136,189754,260,260,0
14,10,1759827187215,188833,1788,1788,0
14,22,1759827187221,188839,1917,1917,0
14,20,1759827188308,189926,1635,1635,0
14,22,1759827193016,194634,895,895,0
14,11,1759827194644,196262,415,415,0
14,10,1759827193937,195555,1547,1548,0
14,9,1759827195488,197106,1614,1614,0
14,10,1759827198123,199741,1371,1372,0
14,17,1759827199061,200679,700,701,1
14,3,1759827202519,204137,600,600,0
14,6,1759827202561,204179,173,656,0
14,16,1759827201661,203279,2043,2043,0
14,15,1759827205797,207415,358,358,0
14,18,1759827206469,208087,2916,2917,0
14,16,1759827211770,213388,2067,2067,0
14,14,1759827218097,219715,367,367,0
14,16,1759827218607,220225,2197,2197,0
14,6,1759827220865,222483,181,719,0
14,23,1759827223732,225350,0,0,0
14,22,1759827221687,223305,1458,2058,1
14,9,1759827222081,223699,1928,1928,0
14,22,1759827224960,226578,947,947,0
14,4,1759827230110,231728,628,629,1
14,15,1759827235592,237210,353,353,0
14,11,1759827238219,239837,341,342,0
14,4,1759827238583,240201,696,1200,0
14,2,1759827242622,244240,197,197,0
14,10,1759827244775,246393,1714,1714,0
14,20,1759827245644,247262,1499,2046,0
14,18,1759827243759,245377,2957,2957,0
14,17,1759827248950,250568,661,661,0
14,10,1759827253098,254716,1190,1191,1
14,14,1759827254649,256267,347,348,0
14,14,1759827258082,259700,388,388,0
14,17,1759827259501,261119,575,576,1
14,9,1759827262861,264479,2300,2301,0
14,18,1759827264048,265666,2867,2868,0
14,15,1759827274031,275649,515,1027,0
14,18,1759827271837,273455,3077,3077,0
14,17,1759827276704,278322,677,678,0
14,16,1759827273690,275308,3211,3212,0
14,22,1759827277398,279016,1042,1042,0
14,17,1759827278055,279673,864,865,0
14,20,1759827283338,284956,1390,1390,0
14,9,1759827290654,292272,1819,1821,0
14,18,1759827291226,292844,2515,3067,0
14,16,1759827294799,296417,3150,3151,0
14,11,1759827300801,302419,287,288,0
14,15,1759827307515,309133,378,378,0
14,6,1759827309386,311004,166,167,1
14,11,1759827311046,312664,335,901,0
14,16,1759827310722,312340,2510,2511,1
14,6,1759827318650,320268,186,187,0
14,22,1759827318264,319882,958,958,0
14,2,1759827320015,321633,203,203,0
14,19,1759827320307,321925,781,782,0
14,16,1759827327074,328692,2499,2499,0
14,23,1759827333287,334905,0,0,0
14,11,1759827335830,337448,306,307,1
14,17,1759827341841,343459,690,690,0
14,8,1759827348059,349677,680,681,0
14,22,1759827348564,350182,918,1389,1
14,8,1759827355142,356760,982,982,0
14,1,1759827354783,356401,2602,2603,0
14,15,1759827358358,359976,414,415,1
14,1,1759827357362,358980,2256,2256,0
14,17,1759827360966,362584,610,611,0
14,23,1759827363737,365355,0,0,1
14,19,1759827366324,367942,646,647,1
14,2,1759827372865,374483,209,210,0
14,3,1759827376741,378359,542,543,1
14,4,1759827377711,379329,625,626,1
14,11,1759827379319,380937,336,338,1
14,14,1759827381477,383095,326,327,1
14,9,1759827382925,384543,2081,2081,1
14,10,1759827383644,385262,1493,2074,1
14,17,1759827386806,388424,577,577,1
14,8,1759827392199,393817,732,733,1
14,22,1759827404937,406555,1011,1530,1
14,14,1759827406317,407935,391,930,1
14,12,1759827406887,408505,287,819,1
14,2,1759827411564,413182,203,204,1
14,22,1759827421478,423096,1295,1296,1
14,19,1759827428012,429630,614,615,1
14,10,1759827431165,432783,1145,1147,1
14,11,1759827432620,434238,327,329,1
14,6,1759827434862,436480,189,721,1
14,12,1759827436014,437632,391,392,1
14,14,1759827436159,437777,368,835,1
14,9,1759827434798,436416,1908,1909,1
14,19,1759827438548,440166,999,999,0
14,10,1759827438493,440111,1336,1337,0
14,12,1759827441736,443354,313,313,1
14,14,1759827443846,445464,635,637,1
14,22,1759827443049,444667,1460,1461,1
14,22,1759827443577,445195,2047,2048,1
14,9,1759827444634,446252,2765,2766,1
14,16,1759827444042,445660,2867,3460,1
14,6,1759827448990,450608,154,155,1
14,20,1759827451481,453099,1370,1371,1
14,17,1759827453372,454990,583,584,1
14,16,1759827450958,452576,2200,2201,1
14,2,1759827457559,459177,177,177,1
14,18,1759827457899,459517,2601,2603,1
14,20,1759827460145,461763,1543,1544,1
14,15,1759827464861,466479,323,324,1
14,12,1759827469789,471407,249,250,1
14,6,1759827474123,475741,149,149,0
14,14,1759827474827,476445,310,311,1
14,19,1759827476097,477715,738,740,2
14,3,1759827482223,483841,632,633,1
14,8,1759827485509,487127,635,637,1
14,2,1759827486806,488424,201,202,1
14,4,1759827489432,491050,591,593,1
14,8,1759827490187,491805,593,1054,1
14,14,1759827492382,494000,334,335,1
14,22,1759827496556,498174,995,995,1
14,23,1759827498576,500194,0,0,1
14,20,1759827503196,504814,1321,1322,1
14,22,1759827504416,506034,934,1473,1
14,6,1759827506878,508496,178,179,1
14,15,1759827511096,512714,323,324,1
14,19,1759827512017,513635,599,600,0
14,19,1759827514347,515965,741,742,1
14,18,1759827518893,520511,2397,2398,1
14,2,1759827522226,523844,231,857,1
14,17,1759827523718,525336,571,572,1
14,2,1759827526555,528173,265,266,1
14,23,1759827527801,529419,0,0,1
14,18,1759827525618,527236,2745,2746,1
14,4,1759827529470,531088,531,532,1
14,6,1759827530609,532227,169,169,1
14,4,1759827531310,532928,907,908,1
14,4,1759827531840,533458,623,1116,1
14,16,1759827531253,532871,2470,2472,1
14,4,1759827534283,535901,1633,1634,1
14,9,1759827532298,533916,3936,4382,1
14,1,1759827532386,534004,4723,5214,0
14,19,1759827538653,540271,1320,1320,1
14,1,1759827533378,534996,4437,4438,1
14,22,1759827546571,548189,971,972,1
14,14,1759827549645,551263,573,574,1
14,10,1759827548622,550240,1479,1480,1
14,23,1759827550967,552585,0,1,2
14,11,1759827551914,553532,307,308,1
14,23,1759827557892,559510,0,0,1
14,22,1759827557920,559538,924,926,1
14,6,1759827564294,565912,181,182,1
14,1,1759827568995,570613,2101,2102,1
14,19,1759827573599,575217,985,1619,1
14,18,1759827572202,573820,2942,2943,1
14,19,1759827574956,576574,625,1121,1
14,18,1759827576474,578092,2669,2670,1
14,14,1759827603633,605251,333,865,1
14,19,1759827604619,606237,678,1189,1
14,23,1759827608784,610402,0,1,1
14,10,1759827610787,612405,1016,1017,1
14,15,1759827614668,616286,322,323,1
14,23,1759827619948,621566,0,0,1
14,8,1759827619220,620838,631,632,1
14,8,1759827623996,625614,886,886,1
14,12,1759827628851,630469,274,275,1
14,14,1759827630169,631787,316,317,1
14,22,1759827633290,634908,828,829,1
14,6,1759827642520,644138,184,184,1
14,17,1759827644618,646236,565,566,1
14,15,1759827650390,652008,353,354,1
14,15,1759827655910,657528,348,349,1
14,6,1759827659170,660788,142,144,1
14,1,1759827665052,666670,1671,1672,1
14,17,1759827668884,670502,673,674,1
14,14,1759827669743,671361,504,1143,1
14,19,1759827670547,672165,742,742,1
14,4,1759827674721,676339,691,693,1
14,14,1759827684068,685686,387,389,1
14,22,1759827690374,691992,1103,1105,1
14,6,1759827694135,695753,194,195,1
14,11,1759827703176,704794,347,349,1
14,10,1759827703566,705184,1053,1519,1
14,6,1759827706502,708120,331,839,1
14,22,1759827705653,707271,1673,1674,1
14,10,1759827706493,708111,1878,1880,1
14,11,1759827709509,711127,436,437,1
14,9,1759827705774,707392,2514,3034,1
14,23,1759827710363,711981,0,0,1
14,14,1759827711287,712905,299,299,1
14,8,1759827714220,715838,986,988,1
14,10,1759827714288,715906,1534,1535,1
14,18,1759827715570,717188,2524,2525,1
14,14,1759827721181,722799,686,688,1
14,17,1759827720621,722239,915,916,1
14,12,1759827721432,723050,508,508,1
14,14,1759827722446,724064,321,322,1
14,20,1759827741732,743350,1240,1742,1
14,4,1759827748014,749632,923,925,1
14,14,1759827754421,756039,644,1145,1
14,17,1759827756642,758260,1105,1106,1
14,18,1759827754208,755826,3421,3422,1
14,8,1759827770156,771774,1023,1590,1
14,12,1759827771009,772627,373,879,1
14,11,1759827776366,777984,362,363,1
14,6,1759827777442,779060,210,211,1
14,17,1759827779011,780629,1122,1123,1
14,14,1759827782002,783620,535,536,1
14,23,1759827782877,784495,0,0,1
14,18,1759827777252,778870,3891,3892,1
14,11,1759827787377,788995,443,444,1
14,8,1759827787031,788649,913,914,1
14,1,1759827789295,790913,2464,2465,1
14,18,1759827795039,796657,3846,3847,1
14,2,1759827800105,801723,204,205,1
14,8,1759827803665,805283,808,809,1
14,9,1759827807922,809540,1823,1825,1
14,11,1759827813384,815002,302,303,1
14,14,1759827817118,818736,327,327,0
14,10,1759827822836,824454,1107,1108,0
14,6,1759827824889,826507,187,188,1
14,14,1759827827444,829062,582,1010,1
14,16,1759827824894,826512,2962,3557,1
14,22,1759827826838,828456,1599,2090,1
14,9,1759827825319,826937,3565,3566,1
14,19,1759827827979,829597,1130,1658,1
14,11,1759827833822,835440,307,308,1
14,3,1759827836111,837729,533,533,0
14,22,1759827839628,841246,1172,1173,1
14,14,1759827848193,849811,488,1016,1
14,1,1759827847491,849109,2210,2211,1
14,14,1759827850275,851893,359,360,0
14,2,1759827852773,854391,240,242,1
14,16,1759827854361,855979,2641,2643,1
14,22,1759827862372,863990,998,998,0
14,17,1759827864635,866253,777,777,0
14,11,1759827870812,872430,323,323,0
14,16,1759827873585,875203,2737,2737,0
14,8,1759827876389,878007,893,1372,0
14,9,1759827876008,877626,1669,2159,0
14,23,1759827882890,884508,0,0,0
14,18,1759827881950,883568,2172,2172,0
14,10,1759827889225,890843,1260,1260,0
14,12,1759827893883,895501,279,280,0
14,22,1759827894236,895854,890,1462,0
14,2,1759827899708,901326,221,221,0
14,4,1759827906929,908547,562,562,0
14,20,1759827917832,919450,1322,1927,0
14,8,1759827918869,920487,606,1091,0
14,22,1759827929590,931208,854,854,0
14,3,1759827939212,940830,552,552,0
14,14,1759827946427,948045,339,339,0
14,8,1759827951301,952919,596,596,0
14,12,1759827957189,958807,293,293,0
14,20,1759827962698,964316,1183,1184,1
14,9,1759827963464,965082,1634,2189,0
14,20,1759827967381,968999,1069,1069,0
14,6,1759827970943,972561,168,169,0
14,22,1759827977402,979020,1038,1038,0
14,3,1759827978479,980097,635,1258,1
14,1,1759827984868,986486,1872,1873,0
14,22,1759827987255,988873,1107,1108,1
14,11,1759827994250,995868,306,306,0
14,11,1759828001870,1003488,273,274,0
14,19,1759828002714,1004332,532,533,0
14,14,1759828003150,1004768,336,848,1
14,8,1759828004723,1006341,793,794,0
14,18,1759828005302,1006920,2291,2292,1
14,17,1759828037331,1038949,569,1068,0
14,8,1759828040739,1042357,748,748,0
14,6,1759828041453,1043071,170,724,0
14,18,1759828042622,1044240,2634,2634,0
14,1,1759828048057,1049675,1608,1608,0
14,18,1759828053037,1054655,2774,2774,0
14,22,1759828060148,1061766,929,929,0
14,1,1759828062779,1064397,1829,1830,0
14,10,1759828068853,1070471,1228,1228,0
14,17,1759828071601,1073219,654,654,0
14,4,1759828071653,1073271,544,1078,0
14,19,1759828074384,1076002,561,561,0
14,12,1759828079626,1081244,252,252,1
14,18,1759828092477,1094095,2033,2513,0
14,9,1759828096211,1097829,1881,2459,0
14,12,1759828102729,1104347,262,262,0
14,17,1759828106035,1107653,674,676,0
14,20,1759828107162,1108780,1450,1450,0
14,15,1759828114367,1115985,367,368,0
14,17,1759828115665,1117283,712,712,0
14,17,1759828122896,1124514,580,580,0
14,12,1759828125332,1126950,301,303,2
14,23,1759828127838,1129456,0,0,0
14,10,1759828129877,1131495,1388,2050,0
14,3,1759828131220,1132838,652,1183,0
14,16,1759828128559,1130177,3382,3383,0
14,14,1759828133980,1135598,439,439,0
14,17,1759828133611,1135229,796,797,0
14,20,1759828134988,1136606,1205,1206,0
14,6,1759828136693,1138311,176,178,0
14,15,1759828137137,1138755,299,299,0
14,16,1759828135445,1137063,1959,1959,0
14,16,1759828138425,1140043,2752,2753,1
14,8,1759828142405,1144023,711,711,0
14,11,1759828144760,1146378,305,305,0
14,3,1759828145226,1146844,618,618,0
14,12,1759828147173,1148791,215,216,0
14,20,1759828148252,1149870,1337,1821,0
14,1,1759828148162,1149780,2199,2200,0
14,2,1759828151082,1152700,205,205,0
14,2,1759828150685,1152303,227,761,0
14,6,1759828151513,1153131,188,189,0
14,22,1759828151500,1153118,1063,1063,1
14,1,1759828151968,1153586,2080,2081,0
14,8,1759828155196,1156814,735,736,0
14,10,1759828156156,1157774,1417,1417,0
14,8,1759828157273,1158891,1353,1353,0
14,11,1759828158098,1159716,370,869,0
14,9,1759828156638,1158256,2357,2357,0
14,23,1759828162450,1164068,0,0,0
14,4,1759828164532,1166150,507,508,0
14,14,1759828167177,1168795,314,314,0
14,4,1759828168050,1169668,552,553,0
14,14,1759828174127,1175745,348,348,0
14,11,1759828187152,1188770,374,1001,0
14,16,1759828185930,1187548,1962,2490,0
14,16,1759828192448,1194066,2462,2462,0
14,6,1759828199857,1201475,189,189,0
14,23,1759828201747,1203365,0,0,0
14,16,1759828202334,1203952,2345,2345,0
14,19,1759828206801,1208419,702,702,0
14,20,1759828211376,1212994,1084,1085,0
14,15,1759828212830,1214448,332,894,0
14,15,1759828223608,1225226,317,318,0
14,6,1759828226152,1227770,193,193,0
14,11,1759828228230,1229848,270,270,0
14,18,1759828229925,1231543,2328,2328,0
14,11,1759828233007,1234625,308,840,0
14,11,1759828235225,1236843,402,403,0
14,19,1759828234912,1236530,664,664,0
14,10,1759828237145,1238763,1960,1960,0
14,12,1759828238497,1240115,578,1134,0
14,11,1759828238671,1240289,529,1033,1
14,18,1759828237090,1238708,3730,3730,0
14,9,1759828239366,1240984,2059,2607,0
14,14,1759828244569,1246187,367,367,0
14,11,1759828251049,1252667,238,239,0
14,11,1759828251909,1253527,295,295,0
14,8,1759828257070,1258688,754,754,0
14,12,1759828259762,1261380,323,323,0
14,16,1759828257101,1258719,2421,2962,0
14,15,1759828261822,1263440,337,338,0
14,6,1759828263883,1265501,195,195,0
14,4,1759828264963,1266581,800,800,0
14,8,1759828265528,1267146,1207,1648,0
14,18,1759828263507,1265125,3995,3996,0
14,22,1759828266275,1267893,1710,1710,0
14,4,1759828271194,1272812,576,577,0
14,3,1759828275045,1276663,739,740,1
14,8,1759828295789,1297407,654,1188,0
14,18,1759828302796,1304414,2251,2251,1
14,10,1759828305890,1307508,1175,1732,0
14,17,1759828327626,1329244,615,1148,0
14,3,1759828346827,1348445,572,1090,0
14,23,1759828356538,1358156,0,0,0
14,8,1759828357794,1359412,629,629,0
14,11,1759828357812,1359430,327,885,0
14,4,1759828359162,1360780,516,516,0
14,4,1759828360354,1361972,491,492,2
14,14,1759828381133,1382751,353,925,0
14,20,1759828382544,1384162,1170,1170,0
14,3,1759828383844,1385462,490,935,0
14,15,1759828389536,1391154,432,432,0
14,1,1759828389639,1391257,1830,1830,0
14,12,1759828393247,1394865,287,287,0
14,3,1759828393510,1395128,610,610,0
14,22,1759828396346,1397964,863,864,0
14,16,1759828395094,1396712,1723,1723,0
14,22,1759828399832,1401450,1017,1017,0
14,2,1759828402807,1404425,199,199,0
14,22,1759828404326,1405944,1044,1045,0
14,15,1759828409815,1411433,313,313,0
14,12,1759828413052,1414670,279,279,0
14,14,1759828414578,1416196,468,1054,0
14,22,1759828414439,1416057,1367,1367,0
14,2,1759828417599,1419217,260,262,0
14,14,1759828421630,1423248,369,369,0
14,9,1759828425734,1427352,2025,2026,0
14,1,1759828425097,1426715,3179,3180,1
14,12,1759828438159,1439777,300,301,0
14,15,1759828458862,1460480,359,964,0
14,17,1759828464461,1466079,750,750,0
14,4,1759828468570,1470188,518,518,0
14,15,1759828468832,1470450,302,753,0
14,3,1759828470330,1471948,915,915,0
14,4,1759828471674,1473292,1646,1647,0
14,20,1759828470603,1472221,2627,3189,0
14,4,1759828473507,1475125,1244,1754,0
14,18,1759828470333,1471951,4847,4847,0
14,18,1759828470514,1472132,5292,5885,0
14,4,1759828489934,1491552,749,1267,0
14,9,1759828490099,1491717,1619,2115,0
14,15,1759828494386,1496004,338,338,0
14,3,1759828495775,1497393,557,557,0
14,12,1759828502143,1503761,282,282,0
14,9,1759828503641,1505259,1690,1691,1
14,16,1759828511292,1512910,2743,2744,1
14,4,1759828518565,1520183,491,492,1
14,3,1759828518924,1520542,812,1313,0
14,10,1759828519991,1521609,1328,1329,0
14,6,1759828522667,1524285,157,157,0
14,1,1759828522997,1524615,2980,2980,0
14,1,1759828523536,1525154,3291,3291,0
14,6,1759828538091,1539709,177,717,1
14,12,1759828543028,1544646,237,237,0
14,4,1759828545240,1546858,1298,1847,0
14,16,1759828544397,1546015,2207,2208,0
14,20,1759828546438,1548056,1481,1991,1
14,1,1759828545203,1546821,2873,3458,0
14,22,1759828550266,1551884,905,905,0
14,9,1759828553106,1554724,1771,1771,1
14,3,1759828556335,1557953,502,502,0
14,1,1759828568741,1570359,1803,2291,1
14,1,1759828570780,1572398,1868,2373,0
14,4,1759828577359,1578977,481,481,1
14,18,1759828580532,1582150,2322,2323,1
14,17,1759828582964,1584582,895,1510,0
14,15,1759828586715,1588333,401,402,1
14,11,1759828586898,1588516,349,349,1
14,14,1759828587022,1588640,328,789,1
14,22,1759828589653,1591271,910,910,0
14,6,1759828593708,1595326,147,147,0
14,8,1759828600491,1602109,545,545,0
14,14,1759828600589,1602207,386,1038,0
14,9,1759828611157,1612775,1431,1431,0
14,23,1759828615094,1616712,0,0,1
14,9,1759828614320,1615938,1489,1490,1
14,15,1759828618924,1620542,330,330,0
14,6,1759828626355,1627973,203,203,0
14,11,1759828640463,1642081,389,950,0
14,8,1759828640614,1642232,718,1198,0
14,3,1759828644808,1646426,624,624,0
14,14,1759828648780,1650398,618,619,0
14,20,1759828649384,1651002,1644,2190,0
14,18,1759828647265,1648883,3691,3691,0
14,20,1759828651623,1653241,1442,1442,0
14,1,1759828652006,1653624,2585,3154,0
14,8,1759828655423,1657041,888,888,0
14,10,1759828656958,1658576,1886,1887,1
14,18,1759828657317,1658935,3765,3766,0
14,15,1759828662808,1664426,466,466,0
14,14,1759828663856,1665474,460,460,0
14,12,1759828667945,1669563,315,315,0
14,11,1759828677789,1679407,349,351,0
14,2,1759828678353,1679971,212,212,0
14,14,1759828683438,1685056,383,384,0
14,11,1759828688180,1689798,425,425,0
14,3,1759828694529,1696147,754,755,0
14,12,1759828700004,1701622,786,1363,0
14,1,1759828698064,1699682,3621,3621,0
14,3,1759828702870,1704488,1274,1274,0
14,19,1759828703776,1705394,1189,1189,0
14,12,1759828704710,1706328,474,474,0
14,18,1759828699874,1701492,3963,4494,0
14,17,1759828705726,1707344,1005,1005,0
14,22,1759828709928,1711546,1156,1156,0
14,3,1759828715087,1716705,932,933,1
14,16,1759828715228,1716846,2119,2119,0
14,10,1759828717827,1719445,1068,1068,0
14,16,1759828716238,1717856,2208,2720,0
14,17,1759828720239,1721857,554,554,0
14,19,1759828721221,1722839,629,630,1
14,17,1759828722794,1724412,965,966,1
14,1,1759828722801,1724419,2315,2315,0
14,2,1759828729704,1731322,224,224,0
14,1,1759828734676,1736294,1924,1925,0
14,22,1759828738019,1739637,1103,1103,0
14,15,1759828745266,1746884,290,290,0
14,6,1759828751457,1753075,167,167,0
14,23,1759828752714,1754332,0,0,0
14,12,1759828755475,1757093,300,300,0
14,20,1759828756183,1757801,1205,1205,0
14,18,1759828756847,1758465,2323,2841,0
14,19,1759828761316,1762934,653,653,0
14,22,1759828763321,1764939,996,996,0
14,20,1759828763786,1765404,1394,1394,1
14,10,1759828769723,1771341,1160,1160,0
14,9,1759828770895,1772513,1737,1737,0
14,17,1759828774763,1776381,698,698,0
14,4,1759828778946,1780564,547,547,0
14,22,1759828781031,1782649,917,917,1
14,16,1759828782574,1784192,2355,2355,0
14,2,1759828788549,1790167,225,226,0
14,20,1759828789265,1790883,1209,1210,1
14,17,1759828791861,1793479,609,610,0
14,8,1759828795486,1797104,769,769,0
14,20,1759828800337,1801955,1353,1354,1
14,6,1759828803100,1804718,166,166,0
14,12,1759828812809,1814427,224,225,0
14,6,1759828815488,1817106,173,173,0
14,20,1759828819413,1821031,1336,1337,0
14,12,1759828821175,1822793,404,406,0
14,4,1759828820247,1821865,914,1525,0
14,12,1759828823690,1825308,357,358,0
14,9,1759828822975,1824593,1882,1882,0
14,14,1759828826990,1828608,719,719,0
14,1,1759828824947,1826565,3469,3469,0
14,17,1759828827092,1828710,1235,1670,0
14,20,1759828829201,1830819,1319,1320,0
14,18,1759828825214,1826832,4216,4784,0
14,23,1759828832123,1833741,0,0,0
14,14,1759828835083,1836701,464,464,0
14,19,1759828835026,1836644,771,771,0
14,15,1759828839010,1840628,309,309,0
14,15,1759828843380,1844998,290,291,1
14,19,1759828843746,1845364,736,737,0
14,3,1759828844586,1846204,994,994,0
14,11,1759828846615,1848233,387,388,0
14,18,1759828843779,1845397,2727,3249,0
14,19,1759828847620,1849238,708,708,0
14,12,1759828854405,1856023,277,277,0
14,9,1759828852450,1854068,1796,1797,1
14,8,1759828856602,1858220,640,641,0
14,9,1759828859867,1861485,1725,1725,0
14,19,1759828869966,1871584,577,578,0
14,8,1759828876439,1878057,678,678,0
14,2,1759828879030,1880648,213,213,0
14,9,1759828876634,1878252,1389,1867,0
14,10,1759828888301,1889919,1172,1172,1
14,2,1759828890744,1892362,257,870,0
14,20,1759828890720,1892338,990,990,0
14,16,1759828890861,1892479,2230,2800,0
14,19,1759828896880,1898498,602,602,0
14,15,1759828897714,1899332,311,312,0
14,3,1759828899868,1901486,613,613,0
14,16,1759828899361,1900979,2743,2743,0
14,1,1759828901801,1903419,1980,1981,0
14,2,1759828908566,1910184,201,201,0
14,23,1759828910169,1911787,0,0,0
14,20,1759828908516,1910134,1260,1261,0
14,22,1759828910000,1911618,866,866,0
14,8,1759828914873,1916491,624,625,0
14,3,1759828915821,1917439,651,651,0
14,18,1759828922192,1923810,2911,2911,0
14,4,1759828935044,1936662,608,609,1
14,10,1759828941151,1942769,1161,1161,0
14,2,1759828942862,1944480,208,208,0
14,9,1759828944331,1945949,1719,1720,0
14,23,1759828951689,1953307,0,0,0
14,23,1759828954638,1956256,0,0,0
14,14,1759828955955,1957573,307,307,0
14,15,1759828959507,1961125,290,290,0
14,16,1759828960077,1961695,2490,2490,0
14,20,1759828960949,1962567,1075,1574,1
14,12,1759828962480,1964098,302,898,0
14,4,1759828962984,1964602,772,1301,0
14,14,1759828965165,1966783,325,325,0
14,20,1759828965385,1967003,1119,1120,0
14,20,1759828971252,1972870,1085,1085,0
14,14,1759828990879,1992497,530,1077,1
14,19,1759828991697,1993315,1383,2004,0
14,4,1759828991694,1993312,1282,1856,0
14,9,1759828990042,1991660,2908,3503,0
14,23,1759828994802,1996420,0,0,0
14,16,1759828997878,1999496,2509,2509,0
14,16,1759828995270,1996888,4460,4460,0
14,1,1759829001800,2003418,1881,1882,0
14,23,1759829007225,2008843,0,0,0
14,6,1759829007455,2009073,165,165,0
14,14,1759829009507,2011125,408,409,1
14,1,1759829007877,2009495,2123,2123,0
14,8,1759829010187,2011805,928,929,0
14,19,1759829012942,2014560,799,799,1
14,1,1759829013055,2014673,2130,2131,0
14,20,1759829015037,2016655,1624,1626,1
14,3,1759829015645,2017263,577,1087,0
14,19,1759829020336,2021954,681,682,1
14,23,1759829021979,2023597,0,0,1
14,18,1759829018385,2020003,3112,3113,0
14,12,1759829023428,2025046,336,337,0
14,1,1759829021099,2022717,2293,2294,1
14,6,1759829028651,2030269,137,138,0
14,15,1759829031531,2033149,303,304,0
14,23,1759829075634,2077252,0,0,0
14,8,1759829073670,2075288,917,1512,0
14,22,1759829073830,2075448,1162,1729,0
14,6,1759829077383,2079001,136,136,0
14,19,1759829079533,2081151,624,624,0
14,3,1759829081630,2083248,749,749,1
14,19,1759829082741,2084359,775,776,1
14,6,1759829083650,2085268,417,1053,0
14,9,1759829081875,2083493,2757,2758,0
14,20,1759829083014,2084632,1818,2319,0
14,18,1759829082968,2084586,3799,4339,0
14,1,1759829086034,2087652,2992,2994,0
14,22,1759829088980,2090598,1990,1990,0
14,4,1759829091254,2092872,819,819,0
14,18,1759829087947,2089565,3656,3656,0
14,19,1759829093790,2095408,553,553,0
14,20,1759829093191,2094809,1253,1254,0
14,15,1759829095204,2096822,313,313,0
14,6,1759829095443,2097061,147,148,0
14,2,1759829096008,2097626,246,246,1
14,14,1759829096178,2097796,345,345,0
14,11,1759829100516,2102134,426,427,0
14,19,1759829101373,2102991,628,628,0
14,19,1759829102289,2103907,633,633,0
14,16,1759829099870,2101488,2724,2724,0
14,14,1759829102810,2104428,367,964,0
14,3,1759829105503,2107121,640,640,0
14,19,1759829108705,2110323,754,754,0
14,11,1759829109792,2111410,275,275,0
14,15,1759829110313,2111931,333,333,0
14,23,1759829112819,2114437,0,0,0
14,23,1759829113918,2115536,0,0,1
14,18,1759829110584,2112202,2469,2470,0
14,8,1759829117615,2119233,717,717,0
14,3,1759829121257,2122875,582,1129,0
14,16,1759829120268,2121886,2389,2389,0
14,6,1759829124203,2125821,263,263,0
14,11,1759829123365,2124983,536,1033,0
14,10,1759829123240,2124858,1275,1275,0
14,11,1759829124311,2125929,353,898,0
14,6,1759829128063,2129681,348,349,0
14,10,1759829127718,2129336,1791,1791,0
14,9,1759829127599,2129217,3047,3048,0
14,4,1759829132128,2133746,1151,1151,0
14,16,1759829129445,2131063,3308,3309,0
14,11,1759829132893,2134511,546,1029,0
14,9,1759829129647,2131265,3266,3266,0
14,2,1759829134399,2136017,240,241,0
14,1,1759829131546,2133164,3101,3101,0
14,14,1759829138211,2139829,288,289,0
14,22,1759829138811,2140429,1398,1398,0
14,22,1759829139206,2140824,1190,1190,0
14,14,1759829141972,2143590,330,331,0
14,12,1759829145113,2146731,268,269,0
14,20,1759829158428,2160046,1304,1909,0
14,23,1759829161099,2162717,0,0,0
14,10,1759829162148,2163766,1057,1057,0
14,6,1759829163775,2165393,159,159,0
14,9,1759829164578,2166196,1788,1789,0
14,14,1759829167092,2168710,313,314,1
14,22,1759829167499,2169117,797,1290,0
14,3,1759829170037,2171655,513,513,0
14,11,1759829173960,2175578,297,297,0
14,4,1759829174481,2176099,764,764,0
14,9,1759829174245,2175863,2564,2564,0
14,18,1759829174989,2176607,2561,3077,0
14,12,1759829182360,2183978,315,316,0
14,17,1759829182645,2184263,1349,1350,0
14,22,1759829183696,2185314,1610,1610,0
14,1,1759829182505,2184123,2930,2930,0
14,8,1759829185775,2187393,860,860,0
14,1,1759829188110,2189728,2221,2221,0
14,18,1759829189240,2190858,2537,2538,0
14,20,1759829198979,2200597,1348,1348,0
14,3,1759829202024,2203642,458,458,0
14,20,1759829206780,2208398,1349,1350,0
14,20,1759829208852,2210470,1277,1277,0
14,10,1759829211396,2213014,1082,1083,0
14,17,1759829212577,2214195,798,1394,0
14,22,1759829214456,2216074,1355,1355,0
14,6,1759829216511,2218129,241,241,0
14,17,1759829215144,2216762,925,1426,0
14,9,1759829214625,2216243,2447,2448,0
14,3,1759829222077,2223695,669,670,0
14,20,1759829221301,2222919,1225,1225,0
14,1,1759829224577,2226195,1894,1894,0
14,15,1759829226889,2228507,313,314,0
14,16,1759829230352,2231970,2307,2308,0
14,1,1759829233367,2234985,2522,2522,0
14,22,1759829234963,2236581,1829,2430,1
14,1,1759829234402,2236020,2726,2726,0
14,12,1759829239127,2240745,260,260,0
14,6,1759829242937,2244555,179,179,0
14,12,1759829245335,2246953,442,442,0
14,15,1759829245548,2247166,384,384,0
14,17,1759829245059,2246677,880,881,1
14,12,1759829245679,2247297,309,824,0
14,20,1759829246221,2247839,1188,1188,0
14,14,1759829247667,2249285,409,410,1
14,6,1759829248876,2250494,331,331,0
14,15,1759829250249,2251867,786,787,1
14,10,1759829248618,2250236,2517,2517,0
14,6,1759829252869,2254487,494,494,0
14,20,1759829249197,2250815,2949,3479,0
14,20,1759829250865,2252483,2915,3414,0
14,9,1759829248744,2250362,4922,4922,0
14,20,1759829253173,2254791,3130,3647,0
14,9,1759829249136,2250754,7343,7343,0
14,3,1759829257972,2259590,1372,1373,0
14,9,1759829251481,2253099,7124,7125,0
14,9,1759829252121,2253739,5400,5937,0
14,16,1759829252383,2254001,5381,5879,0
14,16,1759829255670,2257288,3714,3714,1
14,19,1759829261311,2262929,523,523,0
14,23,1759829265004,2266622,0,0,0
14,12,1759829264587,2266205,322,322,0
14,9,1759829264517,2266135,1623,1623,0
14,14,1759829268087,2269705,316,317,0
14,3,1759829270511,2272129,617,617,0
14,16,1759829269265,2270883,2407,2407,1
14,10,1759829272233,2273851,1469,1470,0
14,4,1759829273094,2274712,903,903,0
14,11,1759829273228,2274846,332,848,0
14,16,1759829273784,2275402,3116,3737,0
14,4,1759829278914,2280532,685,686,1
14,15,1759829279421,2281039,611,612,0
14,19,1759829279448,2281066,731,731,0
14,10,1759829285627,2287245,1520,1521,0
14,20,1759829286408,2288026,1736,1736,0
14,14,1759829288964,2290582,342,343,0
14,20,1759829288417,2290035,1389,1391,0
14,18,1759829292490,2294108,2891,2892,0
14,16,1759829294252,2295870,2578,2578,0
14,17,1759829296880,2298498,1006,1006,0
14,12,1759829297697,2299315,663,1236,0
14,10,1759829295980,2297598,1549,2272,0
14,19,1759829297545,2299163,1121,1704,0
14,6,1759829301201,2302819,190,190,0
14,23,1759829302615,2304233,0,0,0
14,12,1759829302846,2304464,458,458,0
14,10,1759829301786,2303404,1471,1471,0
14,10,1759829306191,2307809,1084,1084,0
14,12,1759829309144,2310762,394,395,0
14,12,1759829309293,2310911,369,369,0
14,12,1759829309298,2310916,383,384,1
14,12,1759829313569,2315187,296,297,0
14,20,1759829312767,2314385,1344,1345,0
14,1,1759829315843,2317461,2055,2055,0
14,6,1759829320596,2322214,158,159,1
14,12,1759829322392,2324010,241,241,0
14,4,1759829328504,2330122,489,489,1
14,6,1759829329396,2331014,186,186,0
14,10,1759829329756,2331374,1089,1089,0
14,19,1759829332090,2333708,685,685,0
14,17,1759829333467,2335085,1052,1052,0
14,22,1759829332563,2334181,1294,1724,0
14,14,1759829333926,2335544,544,1060,0
14,11,1759829334921,2336539,578,578,0
14,20,1759829333653,2335271,1660,2223,1
14,4,1759829336653,2338271,1529,1529,0
14,3,1759829336757,2338375,1620,1620,0
14,2,1759829339170,2340788,273,274,0
14,1,1759829336636,2338254,2891,2892,1
14,14,1759829339881,2341499,486,486,0
14,11,1759829342246,2343864,420,421,0
14,20,1759829341664,2343282,1428,1429,0
14,11,1759829346947,2348565,342,342,0
14,15,1759829347142,2348760,379,380,0
14,3,1759829348325,2349943,736,737,0
14,14,1759829348880,2350498,386,387,1
14,11,1759829351534,2353152,319,319,1
14,10,1759829352401,2354019,1231,1231,0
14,17,1759829354402,2356020,1198,1198,0
14,11,1759829354890,2356508,374,914,1
14,12,1759829355347,2356965,257,730,0
14,16,1759829354615,2356233,2998,2998,1
14,8,1759829357733,2359351,938,938,0
14,12,1759829358598,2360216,525,526,0
14,12,1759829359099,2360717,289,289,0
14,14,1759829359859,2361477,375,375,0
14,9,1759829358001,2359619,2291,2291,0
14,23,1759829361606,2363224,0,0,0
14,4,1759829361545,2363163,750,750,0
14,3,1759829361692,2363310,846,847,0
14,20,1759829363169,2364787,1274,1274,0
14,22,1759829367805,2369423,986,987,0
14,16,1759829366192,2367810,2447,2448,0
14,20,1759829369742,2371360,1092,1093,0
14,16,1759829371689,2373307,2634,2634,0
14,20,1759829373574,2375192,1158,1159,0
14,9,1759829376488,2378106,1895,1896,0
14,12,1759829379748,2381366,260,260,0
14,6,1759829383034,2384652,157,157,0
14,4,1759829382725,2384343,538,539,0
14,12,1759829384380,2385998,298,298,0
14,2,1759829388664,2390282,257,864,0
14,4,1759829389147,2390765,820,1362,0
14,18,1759829386898,2388516,2742,2742,0
14,16,1759829387916,2389534,2779,2779,0
14,10,1759829392321,2393939,1240,1241,1
14,15,1759829398313,2399931,285,286,1
14,16,1759829396155,2397773,2609,2610,0
14,16,1759829395460,2397078,2706,2707,0
14,15,1759829399861,2401479,315,315,0
14,14,1759829401864,2403482,340,340,0
14,15,1759829408185,2409803,350,350,0
14,3,1759829408151,2409769,672,673,1
14,17,1759829411624,2413242,576,577,1
14,2,1759829412987,2414605,200,200,0
14,12,1759829413932,2415550,253,253,0
14,10,1759829415430,2417048,1035,1036,0
14,1,1759829419052,2420670,1878,1879,1
14,3,1759829421583,2423201,643,643,0
14,14,1759829422600,2424218,311,311,0
14,14,1759829422774,2424392,401,952,0
14,11,1759829423962,2425580,298,299,0
14,23,1759829424960,2426578,0,0,0
14,17,1759829424668,2426286,1671,1672,0
14,10,1759829424314,2425932,2686,2686,0
14,12,1759829425784,2427402,1124,1637,0
14,19,1759829424787,2426405,1734,2215,0
14,20,1759829424860,2426478,2609,3114,0
14,22,1759829424851,2426469,2945,3508,0
14,22,1759829426083,2427701,1950,2406,0
14,10,1759829428916,2430534,1429,1429,0
14,2,1759829433465,2435083,242,242,0
14,4,1759829433810,2435428,934,934,0
14,18,1759829432482,2434100,2714,2714,0
14,19,1759829435995,2437613,733,733,0
14,12,1759829441665,2443283,262,263,0
14,23,1759829444376,2445994,0,0,0
14,15,1759829443935,2445553,380,381,0
14,11,1759829444506,2446124,414,415,0
14,22,1759829444163,2445781,1002,1002,0
14,19,1759829445449,2447067,805,806,1
14,12,1759829446336,2447954,336,336,0
14,9,1759829444996,2446614,2626,3226,0
14,2,1759829449688,2451306,222,222,0
14,1,1759829447068,2448686,2714,2714,0
14,22,1759829454767,2456385,858,858,0
14,17,1759829458033,2459651,648,649,0
14,17,1759829462792,2464410,660,660,1
14,16,1759829463155,2464773,2385,3045,0
14,8,1759829466650,2468268,1154,1745,0
14,9,1759829466405,2468023,1880,1880,0
14,2,1759829469324,2470942,215,216,1
14,17,1759829473145,2474763,861,861,0
14,10,1759829473471,2475089,1451,1451,1
14,19,1759829474886,2476504,1146,1147,1
14,4,1759829474948,2476566,1032,1033,0
14,23,1759829476821,2478439,0,0,1
14,19,1759829477611,2479229,915,915,0
14,1,1759829474968,2476586,2261,2729,0
14,10,1759829478606,2480224,1293,1293,0
14,17,1759829485314,2486932,611,611,0
14,16,1759829486866,2488484,2174,2174,0
14,2,1759829489423,2491041,197,706,0
14,12,1759829493453,2495071,241,241,0
14,18,1759829495422,2497040,2493,2494,1
14,4,1759829500051,2501669,612,612,0
14,19,1759829502007,2503625,578,578,0
14,11,1759829502019,2503637,341,889,0
14,8,1759829503638,2505256,723,724,1
14,15,1759829507755,2509373,374,374,0
14,15,1759829509706,2511324,357,357,0
14,3,1759829522832,2524450,537,1051,0
14,16,1759829520827,2522445,2141,2604,0
14,12,1759829524561,2526179,305,305,0
14,14,1759829527367,2528985,525,525,0
14,18,1759829527487,2529105,2815,2815,0
14,14,1759829536030,2537648,531,531,0
14,1,1759829534151,2535769,3662,3662,0
14,23,1759829540718,2542336,0,0,0
14,12,1759829540885,2542503,391,391,0
14,18,1759829537885,2539503,3721,3721,0
14,19,1759829543305,2544923,1125,1126,0
14,9,1759829542984,2544602,2715,2715,0
14,22,1759829545830,2547448,1301,1302,0
14,2,1759829550206,2551824,182,182,0
14,8,1759829551522,2553140,801,802,1
14,22,1759829551923,2553541,1130,1130,0
14,10,1759829554521,2556139,1354,1354,0
14,16,1759829557852,2559470,2482,2482,0
14,17,1759829569854,2571472,871,871,0
14,2,1759829572567,2574185,231,232,0
14,3,1759829591780,2593398,767,1338,0
14,10,1759829593161,2594779,1718,2289,0
14,6,1759829596373,2597991,189,189,0
14,1,1759829595041,2596659,2806,2806,0
14,15,1759829601855,2603473,358,358,0
14,11,1759829603008,2604626,325,325,0
14,22,1759829605919,2607537,1766,2349,0
14,18,1759829603970,2605588,3924,3925,0
14,16,1759829605863,2607481,2796,2797,0
14,19,1759829607976,2609594,749,1242,0
14,1,1759829617748,2619366,2487,2487,0
14,3,1759829622566,2624184,595,595,0
14,8,1759829623203,2624821,657,1186,0
14,3,1759829627243,2628861,531,532,1
14,17,1759829628287,2629905,515,515,0
14,2,1759829634204,2635822,227,228,0
14,3,1759829637670,2639288,609,610,0
14,6,1759829637690,2639308,170,690,1
14,20,1759829648774,2650392,1206,1710,1
14,16,1759829652180,2653798,2416,2417,0
14,10,1759829655662,2657280,2609,3120,0
14,9,1759829654583,2656201,3074,3568,1
14,1,1759829655418,2657036,4138,4620,1
14,1,1759829657484,2659102,4177,4178,0
14,11,1759829672283,2673901,259,260,1
14,10,1759829674122,2675740,1318,1319,1
14,6,1759829676130,2677748,155,157,2
14,15,1759829678065,2679683,399,400,1
14,2,1759829678259,2679877,226,690,2
14,3,1759829679014,2680632,588,589,1
14,4,1759829679982,2681600,524,525,0
14,8,1759829683684,2685302,699,700,1
14,17,1759829685553,2687171,710,711,1
14,8,1759829687540,2689158,1193,1194,1
14,10,1759829687641,2689259,1451,1451,1
14,23,1759829689924,2691542,0,0,1
14,14,1759829690175,2691793,596,596,1
14,4,1759829689816,2691434,1106,1107,1
14,10,1759829688625,2690243,1580,2062,1
14,22,1759829692546,2694164,952,953,1
14,14,1759829695014,2696632,315,316,1
14,6,1759829698114,2699732,166,166,1
14,20,1759829698198,2699816,1266,1267,1
14,9,1759829698451,2700069,1552,1554,2
14,23,1759829702325,2703943,0,0,1
14,17,1759829704817,2706435,666,666,1
14,14,1759829714345,2715963,305,306,2
14,3,1759829715986,2717604,643,644,1
14,18,1759829718255,2719873,2344,2344,1
14,15,1759829726730,2728348,312,314,1
14,19,1759829726872,2728490,965,1528,2
14,19,1759829727960,2729578,957,958,1
14,12,1759829728051,2729669,384,884,1
14,20,1759829730164,2731782,1130,1131,1
14,20,1759829730894,2732512,1196,1198,1
14,10,1759829738378,2739996,1034,1035,1
14,15,1759829740563,2742181,333,334,1
14,11,1759829749106,2750724,276,277,1
14,1,1759829753953,2755571,1960,1960,1
14,1,1759829761160,2762778,1712,1713,2
14,11,1759829764207,2765825,326,327,1
14,18,1759829768451,2770069,2589,2590,1
14,14,1759829782483,2784101,334,810,1
14,11,1759829787340,2788958,293,294,1
14,23,1759829793378,2794996,0,0,1
14,11,1759829793820,2795438,274,275,1
14,11,1759829794430,2796048,290,291,1
14,1,1759829799210,2800828,1738,1740,2
14,14,1759829806702,2808320,299,299,1
14,2,1759829807525,2809143,196,197,1
14,3,1759829810842,2812460,533,534,1
14,20,1759829811316,2812934,1034,1563,1
14,12,1759829814356,2815974,250,251,1
14,9,1759829820618,2822236,1439,1440,1
14,4,1759829824618,2826236,506,507,1
14,22,1759829835594,2837212,1041,1610,1
14,22,1759829838312,2839930,832,833,1
14,8,1759829849941,2851559,668,1216,1
14,23,1759829853467,2855085,0,0,0
14,20,1759829853186,2854804,1121,1121,1
14,6,1759829857588,2859206,144,144,1
14,6,1759829859794,2861412,154,155,1
14,6,1759829860463,2862081,154,155,1
14,11,1759829862104,2863722,304,305,1
14,2,1759829868516,2870134,238,816,0
14,16,1759829868345,2869963,2528,2528,1
14,16,1759829877479,2879097,2354,2355,1
14,2,1759829881943,2883561,248,249,1
14,8,1759829883521,2885139,693,694,1
14,18,1759829892387,2894005,2995,2996,1
14,9,1759829893727,2895345,1650,2103,1
14,15,1759829899933,2901551,302,302,1
14,14,1759829902145,2903763,328,329,1
14,15,1759829906518,2908136,317,317,1
14,8,1759829911105,2912723,716,717,1
14,10,1759829912665,2914283,1016,1017,1
14,16,1759829916275,2917893,2282,2283,1
14,19,1759829923860,2925478,695,696,1
14,12,1759829927908,2929526,280,283,1
14,3,1759829930689,2932307,696,1160,2
14,18,1759829929962,2931580,2540,2541,1
14,19,1759829933400,2935018,702,704,2
14,17,1759829942508,2944126,597,598,1
14,16,1759829941606,2943224,1942,1943,0
14,1,1759829944374,2945992,2288,2289,1
14,16,1759829945338,2946956,2836,2837,1
14,2,1759829953178,2954796,207,209,1
14,18,1759829953713,2955331,2704,2706,1
14,12,1759829962186,2963804,255,257,1
14,12,1759829964026,2965644,329,331,1
14,15,1759829965317,2966935,351,351,1
14,6,1759829970215,2971833,163,164,1
14,23,1759829971022,2972640,0,0,1
14,14,1759829970349,2971967,376,1019,1
14,19,1759829975874,2977492,558,560,1
14,14,1759829978143,2979761,498,499,1
14,2,1759829979938,2981556,238,239,1
14,1,1759829977553,2979171,2200,2201,1
14,2,1759829981464,2983082,231,232,1
14,20,1759829986871,2988489,1182,1183,1
14,12,1759829989965,2991583,289,290,1
14,10,1759829994138,2995756,1134,1135,1
14,19,1759830003069,3004687,532,534,1
14,17,1759830005521,3007139,565,566,1
14,2,1759830006521,3008139,170,171,0
14,11,1759830007971,3009589,300,301,1
14,4,1759830011518,3013136,631,632,1
14,22,1759830025647,3027265,903,1401,0
14,2,1759830028257,3029875,244,245,1
14,3,1759830028775,3030393,542,542,1
14,17,1759830031051,3032669,971,1557,1
14,9,1759830030631,3032249,1860,1860,0
14,17,1759830033178,3034796,685,685,0
14,10,1759830034141,3035759,1077,1078,1
14,19,1759830035915,3037533,527,528,1
14,11,1759830036727,3038345,314,315,1
14,6,1759830037294,3038912,169,170,1
14,11,1759830040970,3042588,437,438,1
14,22,1759830040362,3041980,965,966,1
14,19,1759830041808,3043426,681,682,1
14,22,1759830041515,3043133,1203,1675,1
14,9,1759830042393,3044011,2650,2650,1
14,12,1759830044766,3046384,720,1282,1
14,9,1759830044510,3046128,3047,3048,1
14,16,1759830044239,3045857,3703,3704,1
14,18,1759830046606,3048224,2731,2731,1
