query_stream_id,query_id,start,query_duration,query_duration_with_queue,Data Scanned,cpu_time
2,3,9,3606,4500,38.94,112050.0
5,13,5462,1263,1604,58.1,438060.0
2,11,7941,2484,2485,12.18,15720.0
10,10,8306,4946,5853,497.0,1236430.0
13,7,8595,5156,5945,1616.34,1893790.0
5,18,13295,1393,1394,83.54,617040.0
13,18,14884,18812,18813,862.73,6376080.0
19,5,17597,30101,30491,17448.96,2356364.0
11,13,22050,9928,10737,340.48,2482340.0
13,1,22407,15888,16268,1146.88,4636360.0
15,18,32721,7238,8026,1638.4,12135120.0
9,21,39336,5905,6294,1034.24,1131400.0
5,6,42295,412,1225,98.91,52470.0
19,22,43942,17163,17548,2775.04,7055920.0
2,14,45303,966,1340,52.0,29000.0
19,15,51238,2074,2074,32419.84,16514840.0
11,17,53637,2013,2902,659.24,721310.0
13,16,57642,6617,6974,35.82,1016490.0
15,20,58979,6269,6630,2949.12,2732290.0
13,14,59899,1324,2228,1433.66,899000.0
2,6,59912,688,1577,32.98,17490.0
15,23,59915,0,1,0.0,
13,5,63017,2000,2001,1413.12,205189.0
9,8,69855,1402,1789,652.73,674800.0
5,23,71045,0,1,0.0,
5,20,74268,1671,2037,142.84,138930.0
13,15,74967,1370,1370,2662.4,1438090.0
5,2,77951,595,595,39.35,165450.0
5,12,80077,687,687,99.52,192600.0
5,11,81392,674,675,42.57,47160.0
13,18,81929,5312,5312,862.73,6376080.0
5,20,82092,2086,2087,142.84,138930.0
11,18,83919,2810,3198,472.1,3496560.0
19,5,90272,5378,5750,17448.96,2356364.0
2,18,93266,624,949,26.6,205680.0
5,13,97152,544,892,58.1,438060.0
15,21,101247,13801,14205,5560.32,6675260.0
13,5,104451,2421,2809,1413.12,205189.0
15,6,105446,4004,4421,1945.6,1031910.0
15,12,108549,4919,5784,1986.56,3787800.0
5,9,118819,1576,1905,200.62,383550.0
15,19,122999,4650,4650,2744.32,3043220.0
15,22,125642,4702,5086,425.06,1169380.0
15,13,128749,5482,5482,1198.08,8615180.0
13,20,133019,3322,3685,1505.28,1435610.0
5,4,135913,994,1353,73.68,174570.0
19,8,136131,9930,10274,24504.32,24022880.0
2,10,140077,261,609,37.8,95110.0
15,15,140894,5511,5512,5140.48,2737010.0
11,20,144800,3214,3583,952.92,787270.0
13,3,148201,1849,2201,1239.04,3473550.0
10,23,153795,0,3,0.0,
13,1,154245,3293,3293,1146.88,4636360.0
5,6,156153,397,794,98.91,52470.0
13,11,156712,1629,1980,266.54,487320.0
5,23,156927,0,1,0.0,
9,20,156934,2274,2633,538.32,463100.0
15,11,159640,2564,2950,499.78,927480.0
15,5,160887,5991,6442,2744.32,390521.0
2,15,162123,933,1363,79.18,46390.0
15,22,162477,5137,5490,425.06,1169380.0
13,13,163054,4810,4811,623.2,4526620.0
5,21,164680,4866,4866,263.47,339420.0
19,19,165307,2866,3263,17059.84,18362480.0
5,7,167242,1151,1515,150.19,183270.0
13,19,168371,2479,2480,1413.12,1598980.0
5,21,170269,3986,3987,263.47,339420.0
15,4,171270,5695,5696,1474.56,3433210.0
10,20,172594,4421,4786,688.99,602030.0
11,13,174448,3002,3392,340.48,2482340.0
15,16,184963,3391,3392,68.05,1934610.0
5,21,185346,3273,3637,263.47,339420.0
13,8,187925,3736,4166,1955.84,2091880.0
13,18,188932,4243,4574,862.73,6376080.0
11,2,190594,1671,2015,177.06,937550.0
15,13,198274,4182,4183,1198.08,8615180.0
5,12,201289,332,725,99.52,192600.0
2,18,208326,702,1051,26.6,205680.0
19,23,208773,0,1,0.0,
5,9,209955,1349,1350,200.62,383550.0
5,12,213108,443,444,99.52,192600.0
9,4,217780,1245,1603,244.77,581900.0
2,19,224379,652,1047,51.4,51580.0
15,1,225175,8163,8487,2170.88,8824040.0
11,10,227048,759,1170,652.68,1616870.0
15,5,228922,5852,6233,2744.32,390521.0
15,13,230566,6137,6497,1198.08,8615180.0
5,4,231474,1523,1865,73.68,174570.0
5,2,235699,611,611,39.35,165450.0
13,7,239131,1892,2234,1616.34,1893790.0
19,3,242083,7404,8290,14551.04,39889800.0
5,14,249176,814,1184,131.05,87000.0
2,22,252700,1735,2142,6.29,19820.0
5,15,253391,967,967,251.44,139170.0
13,20,253527,4026,4362,1505.28,1435610.0
15,14,253761,2921,3257,2775.04,1711000.0
13,10,255806,230,605,1208.32,2948410.0
11,21,261593,4251,4649,1873.92,1923380.0
5,19,262414,1141,1141,129.23,154740.0
15,9,265535,5182,5183,4096.0,7543150.0
5,18,265934,151,152,83.54,617040.0
5,6,268376,369,370,98.91,52470.0
5,21,270008,3369,3370,263.47,339420.0
5,15,270016,1088,1419,251.44,139170.0
15,6,275408,731,732,1945.6,1031910.0
5,9,276988,1512,1513,200.62,383550.0
15,15,280586,1702,1704,5140.48,2737010.0
13,6,282475,210,562,1021.14,542190.0
13,18,290134,3627,3627,862.73,6376080.0
5,3,290630,921,1273,117.33,336150.0
5,15,294224,1169,1169,251.44,139170.0
5,9,296223,1119,1120,200.62,383550.0
19,21,297960,31617,31969,35696.64,40277840.0
13,18,298467,6453,6454,862.73,6376080.0
13,5,298485,5474,5813,1413.12,205189.0
15,2,299837,1485,1834,412.6,3253850.0
5,11,300046,1244,1244,42.57,47160.0
15,12,300105,14590,14925,1986.56,3787800.0
13,4,302125,8552,8937,770.67,1803890.0
5,7,302141,1349,1350,150.19,183270.0
2,21,302900,4491,4880,80.86,113140.0
15,10,303529,722,723,2314.24,5611490.0
10,12,307808,6771,7142,430.26,834600.0
5,9,313885,1800,2151,200.62,383550.0
9,5,315334,1862,2207,490.83,66190.0
2,6,325646,389,792,32.98,17490.0
19,3,326144,9050,9404,14551.04,39889800.0
13,16,328030,3282,3661,35.82,1016490.0
11,13,329336,2771,3178,340.48,2482340.0
5,18,331578,1362,1704,83.54,617040.0
13,17,331663,3592,3939,1218.56,1315330.0
13,19,335353,3359,3359,1413.12,1598980.0
13,17,336184,2529,2529,1218.56,1315330.0
19,4,336886,5184,5185,8806.4,20715640.0
5,16,337423,5452,5453,11.25,98370.0
15,22,341934,3101,3440,425.06,1169380.0
11,23,343811,0,0,0.0,
15,22,344672,3338,3679,425.06,1169380.0
9,19,347241,1820,2177,442.65,515800.0
15,21,347592,10014,10015,5560.32,6675260.0
13,20,348606,3914,3915,1505.28,1435610.0
2,10,356808,335,696,37.8,95110.0
15,2,360237,379,381,412.6,3253850.0
5,16,361314,1673,2075,11.25,98370.0
13,11,364690,1866,2201,266.54,487320.0
5,19,365128,1026,1027,129.23,154740.0
5,4,366580,700,702,73.68,174570.0
5,22,367303,1106,1106,19.48,59460.0
2,11,370594,747,1093,12.18,15720.0
15,11,370608,2548,2549,499.78,927480.0
15,2,371626,1088,1438,412.6,3253850.0
5,19,372013,1002,1002,129.23,154740.0
13,11,373579,1783,1783,266.54,487320.0
5,23,374586,0,0,0.0,
13,6,379963,251,251,1021.14,542190.0
5,6,382063,151,152,98.91,52470.0
5,15,382542,1092,1092,251.44,139170.0
5,10,386327,242,243,113.55,285330.0
15,10,389398,309,669,2314.24,5611490.0
13,10,395400,382,722,1208.32,2948410.0
11,21,396284,4825,5188,1873.92,1923380.0
13,1,398438,4709,4709,1146.88,4636360.0
19,20,398714,6157,6545,19015.68,16486360.0
15,14,400175,4626,5002,2775.04,1711000.0
11,12,402932,2243,2244,563.11,1091400.0
5,23,407393,0,1,0.0,
19,1,410332,2771,2772,13117.44,53243360.0
2,5,412169,1003,1384,41.06,6619.0
13,16,412425,2942,2942,35.82,1016490.0
13,9,412586,9053,9434,2109.44,3963350.0
5,18,413498,128,504,83.54,617040.0
15,9,417933,6274,6694,4096.0,7543150.0
15,22,421696,4200,4569,425.06,1169380.0
15,11,423141,2222,2563,499.78,927480.0
13,20,423944,2842,2843,1505.28,1435610.0
13,20,426533,2403,2771,1505.28,1435610.0
15,2,426856,593,595,412.6,3253850.0
15,15,429931,1823,1824,5140.48,2737010.0
2,5,433031,579,1018,41.06,6619.0
5,14,435445,756,1096,131.05,87000.0
15,6,439345,1529,1530,1945.6,1031910.0
11,8,439358,2241,2572,1167.36,1147160.0
13,10,440181,278,612,1208.32,2948410.0
5,2,446455,585,585,39.35,165450.0
5,20,447707,1111,1111,142.84,138930.0
9,3,449107,1053,1410,394.15,1120500.0
5,15,449109,1409,1413,251.44,139170.0
5,10,450044,223,573,113.55,285330.0
19,19,451137,2168,2536,17059.84,18362480.0
5,12,451391,563,563,99.52,192600.0
19,22,452718,12328,12740,2775.04,7055920.0
5,21,453848,3008,3008,263.47,339420.0
5,19,455103,1162,1163,129.23,154740.0
10,5,457963,1875,2202,654.16,86047.0
5,4,458312,851,852,73.68,174570.0
13,16,465094,2973,3339,35.82,1016490.0
19,16,466333,5859,5860,412.0,11673240.0
13,3,466841,2155,2547,1239.04,3473550.0
15,13,470355,4137,4464,1198.08,8615180.0
15,17,470632,2722,3082,2375.68,2503370.0
5,14,472425,587,944,131.05,87000.0
7,12,474899,518,876,165.44,321000.0
9,5,476493,1312,1685,490.83,66190.0
13,10,477178,288,288,1208.32,2948410.0
5,11,478289,970,970,42.57,47160.0
15,8,481387,1977,1978,3819.52,3981320.0
13,11,481524,1567,1567,266.54,487320.0
5,18,485142,110,111,83.54,617040.0
15,3,486252,7535,7536,2375.68,6610950.0
5,20,489999,1937,1937,142.84,138930.0
5,15,490016,899,1242,251.44,139170.0
2,21,491943,2514,2881,80.86,113140.0
15,11,492850,2239,2628,499.78,927480.0
5,20,494777,1657,1657,142.84,138930.0
5,11,495861,683,684,42.57,47160.0
5,1,500263,692,693,110.61,448680.0
13,19,500661,2347,2687,1413.12,1598980.0
19,10,504413,3538,3932,14151.68,33859160.0
11,10,504687,494,845,652.68,1616870.0
2,5,506071,766,1141,41.06,6619.0
5,9,510222,1857,1859,200.62,383550.0
5,16,517942,1781,1781,11.25,98370.0
13,8,518947,1913,2281,1955.84,2091880.0
19,9,519985,9360,9725,25948.16,45514600.0
5,20,521196,873,875,142.84,138930.0
13,9,522585,7140,7140,2109.44,3963350.0
15,23,529112,0,2,0.0,
5,9,532247,1639,2024,200.62,383550.0
7,18,542060,867,1218,137.59,1028400.0
2,17,543444,457,869,45.17,42430.0
11,13,544930,1649,1983,340.48,2482340.0
4,22,546320,1571,1965,12.81,39640.0
5,19,548787,876,1240,129.23,154740.0
4,13,550015,371,373,38.13,292040.0
4,16,552894,2185,2187,7.13,65580.0
4,3,552971,511,868,78.04,224100.0
7,13,555415,899,1245,98.49,730100.0
4,9,555601,1160,1161,128.82,255700.0
13,20,556030,3874,4241,1505.28,1435610.0
4,17,556195,335,336,73.16,84860.0
15,7,557752,2595,2992,3120.15,3604310.0
5,14,558462,725,726,131.05,87000.0
4,19,563085,908,910,85.6,103160.0
4,11,564236,718,720,23.59,31440.0
4,6,565037,142,143,65.94,34980.0
11,4,568173,2157,2523,416.85,989230.0
13,3,568857,2343,2343,1239.04,3473550.0
4,22,569384,1360,1361,12.81,39640.0
4,11,570246,633,1043,23.59,31440.0
4,22,571017,1070,1072,12.81,39640.0
19,6,571087,638,968,11724.8,6226440.0
4,19,571432,626,628,85.6,103160.0
4,9,572260,1529,1530,128.82,255700.0
5,12,572454,691,1054,99.52,192600.0
15,18,573854,3152,3529,1638.4,12135120.0
4,16,574874,1814,1815,7.13,65580.0
4,9,578173,129,130,128.82,255700.0
4,12,578626,248,248,66.35,128400.0
2,14,579156,193,569,52.0,29000.0
4,21,581883,3311,3311,170.74,226280.0
4,13,585080,746,1100,38.13,292040.0
2,16,586808,1894,1894,3.42,32790.0
7,20,587420,1589,1934,243.4,231550.0
19,20,588170,2639,3019,19015.68,16486360.0
13,18,589564,4229,4578,862.73,6376080.0
4,9,590301,1955,1955,128.82,255700.0
4,19,590518,793,793,85.6,103160.0
10,8,590537,2745,3081,871.63,877240.0
5,6,591355,178,535,98.91,52470.0
4,2,594542,992,992,20.59,110300.0
19,13,594571,29750,29752,7413.76,51983120.0
4,16,596641,1757,1757,7.13,65580.0
5,14,599439,623,623,131.05,87000.0
15,4,601480,5376,5728,1474.56,3433210.0
10,22,601711,3180,3182,88.74,257660.0
15,16,606303,3956,4325,68.05,1934610.0
11,21,608333,6234,6590,1873.92,1923380.0
9,3,609978,2942,3261,394.15,1120500.0
5,16,612285,2097,2457,11.25,98370.0
5,22,612449,2101,2449,19.48,59460.0
15,19,612998,9206,9208,2744.32,3043220.0
4,16,614979,2275,2647,7.13,65580.0
4,17,615113,866,1212,73.16,84860.0
5,19,615898,1638,1639,129.23,154740.0
5,12,616248,636,637,99.52,192600.0
13,22,617972,4933,5302,218.97,614420.0
15,18,620667,4336,4685,1638.4,12135120.0
4,11,620939,830,830,23.59,31440.0
4,17,622115,1158,1159,73.16,84860.0
2,22,622177,1168,1495,6.29,19820.0
5,3,625159,798,799,117.33,336150.0
4,11,625900,953,953,23.59,31440.0
4,1,627099,843,845,73.74,299120.0
7,17,627718,819,1209,186.68,212150.0
2,9,628093,1434,1434,71.45,127850.0
4,21,628127,3077,3078,170.74,226280.0
11,23,632534,0,0,0.0,
15,7,632838,4979,4980,3120.15,3604310.0
4,13,632872,658,659,38.13,292040.0
9,17,633446,2283,2600,380.52,424300.0
13,1,633611,5596,5956,1146.88,4636360.0
5,19,634255,1659,1660,129.23,154740.0
5,9,634761,1492,1830,200.62,383550.0
4,10,637933,548,549,75.6,190220.0
4,2,638582,616,616,20.59,110300.0
4,20,643481,1048,1048,92.94,92620.0
13,5,645441,2267,2268,1413.12,205189.0
2,6,645858,109,504,32.98,17490.0
4,2,646372,505,506,20.59,110300.0
4,21,651172,2401,2401,170.74,226280.0
4,18,652292,442,845,55.58,411360.0
19,2,652517,6246,6588,2478.08,19633400.0
15,15,653326,1963,2296,5140.48,2737010.0
11,3,656767,2825,3169,672.98,1904850.0
15,8,657158,5343,5345,3819.52,3981320.0
7,19,658057,1970,2344,217.76,257900.0
4,12,658170,698,698,66.35,128400.0
5,18,658316,1490,1849,83.54,617040.0
4,3,659314,1320,1321,78.04,224100.0
13,9,659883,3540,3944,2109.44,3963350.0
19,15,668996,1665,1666,32419.84,16514840.0
4,21,669093,3401,3402,170.74,226280.0
2,23,672757,0,0,0.0,
15,5,672952,2619,3014,2744.32,390521.0
4,21,675003,2758,2758,170.74,226280.0
4,17,680276,490,491,73.16,84860.0
15,9,682376,5626,5627,4096.0,7543150.0
13,17,684340,1315,1761,1218.56,1315330.0
4,17,688388,789,790,73.16,84860.0
5,9,688511,1715,2119,200.62,383550.0
7,2,689051,1237,1583,57.9,275750.0
5,19,689965,1241,1599,129.23,154740.0
15,22,690429,3342,3344,425.06,1169380.0
5,13,691388,113,114,58.1,438060.0
4,17,691835,849,849,73.16,84860.0
19,4,692931,10188,10556,8806.4,20715640.0
13,19,693194,3676,3677,1413.12,1598980.0
4,7,693782,781,781,98.26,122180.0
4,3,694212,638,1027,78.04,224100.0
15,21,696625,12941,12942,5560.32,6675260.0
4,10,697107,367,367,75.6,190220.0
4,23,698861,0,1,0.0,
2,22,702414,2474,2822,6.29,19820.0
5,2,703623,1665,2067,39.35,165450.0
4,2,703664,1734,1734,20.59,110300.0
4,19,703996,1694,1694,85.6,103160.0
19,3,705916,10438,10438,14551.04,39889800.0
11,21,707297,7216,7611,1873.92,1923380.0
5,21,707753,4471,4471,263.47,339420.0
13,3,709492,3902,4314,1239.04,3473550.0
4,6,722997,146,543,65.94,34980.0
4,5,724089,1317,1317,85.31,13238.0
4,11,724328,654,1036,23.59,31440.0
4,12,725027,229,553,66.35,128400.0
2,4,725217,561,897,24.68,58190.0
15,12,725439,7340,7684,1986.56,3787800.0
9,19,725571,1395,1715,442.65,515800.0
10,15,726332,3661,4043,1259.52,603070.0
4,21,727746,3514,3514,170.74,226280.0
4,8,728111,1369,1370,114.76,134960.0
4,22,728494,1673,1674,12.81,39640.0
13,3,730349,3375,3724,1239.04,3473550.0
5,1,731187,1557,1915,110.61,448680.0
13,14,731246,1943,2309,1433.66,899000.0
5,20,731309,2921,3243,142.84,138930.0
5,20,732342,1382,1820,142.84,138930.0
19,23,733890,0,0,0.0,
13,3,734844,2097,2097,1239.04,3473550.0
13,9,736799,3516,3516,2109.44,3963350.0
4,6,737344,373,373,65.94,34980.0
15,7,740116,2704,2706,3120.15,3604310.0
4,9,740656,2105,2105,128.82,255700.0
4,21,743216,3054,3054,170.74,226280.0
4,15,746342,958,959,164.36,92780.0
5,1,746709,580,900,110.61,448680.0
13,20,746834,3420,3420,1505.28,1435610.0
5,22,747856,1569,1569,19.48,59460.0
4,4,749500,1326,1326,49.18,116380.0
10,11,750162,1036,1446,115.24,204360.0
15,1,753919,4483,4841,2170.88,8824040.0
19,22,758307,17542,17914,2775.04,7055920.0
11,17,761157,954,1305,659.24,721310.0
4,4,762050,847,1220,49.18,116380.0
5,23,764031,0,1,0.0,
13,22,764932,5304,5654,218.97,614420.0
13,20,765550,8456,8836,1505.28,1435610.0
15,20,765727,14088,14089,2949.12,2732290.0
2,15,766238,2189,2556,79.18,46390.0
5,8,767120,5004,5362,175.68,202440.0
11,1,767467,10849,10849,626.31,2542520.0
5,9,768085,5139,5501,200.62,383550.0
4,9,769036,1643,1644,128.82,255700.0
4,9,770011,2477,2836,128.82,255700.0
13,13,770403,8002,8406,623.2,4526620.0
18,1,771498,28695,29040,7444.48,30211120.0
9,15,772654,5274,5675,941.18,463900.0
5,18,772786,122,122,83.54,617040.0
15,9,773669,18965,19315,4096.0,7543150.0
5,1,775806,2093,2093,110.61,448680.0
15,20,780381,6560,6561,2949.12,2732290.0
4,4,783025,741,1097,49.18,116380.0
4,14,784003,634,1000,86.82,58000.0
4,11,784984,686,686,23.59,31440.0
19,17,785434,1535,1536,14837.76,15105080.0
4,21,785570,3861,3861,170.74,226280.0
4,16,787862,2972,2973,7.13,65580.0
4,19,788078,1034,1377,85.6,103160.0
19,10,792092,6043,6045,14151.68,33859160.0
2,11,795381,820,1182,12.18,15720.0
4,4,795615,900,901,49.18,116380.0
4,7,800746,705,706,98.26,122180.0
4,16,802871,1905,1906,7.13,65580.0
4,5,808673,1491,1492,85.31,13238.0
4,19,809976,985,1323,85.6,103160.0
4,16,810084,1903,2260,7.13,65580.0
4,16,810517,2040,2040,7.13,65580.0
4,18,810914,879,1264,55.58,411360.0
4,1,811572,457,1063,73.74,299120.0
4,12,817467,656,656,66.35,128400.0
13,9,817957,5131,5482,2109.44,3963350.0
5,9,818416,117,509,200.62,383550.0
19,3,820183,13154,13504,14551.04,39889800.0
15,12,820345,10498,10847,1986.56,3787800.0
15,13,820565,8600,8951,1198.08,8615180.0
13,12,820612,4061,4398,1034.24,1990200.0
11,23,825048,0,0,0.0,
5,9,825913,2740,2741,200.62,383550.0
5,18,825982,106,453,83.54,617040.0
4,4,831008,1721,2081,49.18,116380.0
4,14,831953,1019,1406,86.82,58000.0
4,3,833294,671,671,78.04,224100.0
2,4,833448,484,833,24.68,58190.0
4,13,834831,623,623,38.13,292040.0
11,22,836003,2226,2577,117.97,336940.0
4,19,839516,1208,1208,85.6,103160.0
17,8,840208,21615,22019,8345.6,8435000.0
17,11,841966,10569,10976,1064.96,1965000.0
17,15,842493,28785,29141,11120.64,5798750.0
17,7,842521,26999,37421,6762.03,7636250.0
4,7,844072,714,714,98.26,122180.0
4,18,846594,1188,1188,55.58,411360.0
15,7,848618,16679,16998,3120.15,3604310.0
5,13,848658,1929,2256,58.1,438060.0
15,22,848860,5572,5911,425.06,1169380.0
15,12,848925,20033,20375,1986.56,3787800.0
15,12,850977,14521,18315,1986.56,3787800.0
5,21,851224,6231,6232,263.47,339420.0
5,19,851574,3084,3440,129.23,154740.0
19,12,851818,18634,18968,11960.32,22855200.0
4,9,852795,1967,1967,128.82,255700.0
17,7,853600,22033,30660,6762.03,7636250.0
5,6,854131,381,768,98.91,52470.0
17,17,855160,27936,44410,5120.0,5303750.0
17,20,855501,28010,52450,6451.2,5788750.0
4,11,855817,892,893,23.59,31440.0
5,12,857889,1305,1305,99.52,192600.0
13,23,863291,0,1,0.0,
4,4,865571,620,621,49.18,116380.0
5,10,867495,122,123,113.55,285330.0
4,19,867943,1509,1510,85.6,103160.0
17,5,868530,23819,39549,5959.68,827375.0
4,5,868640,1449,1799,85.31,13238.0
17,5,868871,10129,40828,5959.68,827375.0
4,14,869025,459,809,86.82,58000.0
4,8,869134,1334,1652,114.76,134960.0
4,20,872495,1191,1191,92.94,92620.0
13,20,874907,7065,7436,1505.28,1435610.0
4,15,875922,1216,1217,164.36,92780.0
4,3,876069,1059,1059,78.04,224100.0
13,16,878052,3327,3681,35.82,1016490.0
4,9,878677,1567,1567,128.82,255700.0
4,10,880044,573,573,75.6,190220.0
4,20,881497,2309,2309,92.94,92620.0
15,18,882015,14489,14835,1638.4,12135120.0
5,22,882562,2109,2485,19.48,59460.0
5,4,883532,2759,3099,73.68,174570.0
5,17,884148,1895,2251,110.57,127290.0
13,20,887109,8559,8559,1505.28,1435610.0
4,22,887544,2236,2237,12.81,39640.0
5,3,887702,1604,1605,117.33,336150.0
2,2,888581,1143,1537,10.0,55150.0
13,19,889725,11782,11782,1413.12,1598980.0
5,14,894271,450,452,131.05,87000.0
5,16,894725,1984,1985,11.25,98370.0
19,16,895094,3520,3858,412.0,11673240.0
4,8,896207,1303,1304,114.76,134960.0
5,17,897888,845,846,110.57,127290.0
11,20,900102,7135,7482,952.92,787270.0
4,10,902953,696,696,75.6,190220.0
5,4,905835,1021,1022,73.68,174570.0
5,1,907131,134,135,110.61,448680.0
4,4,911870,676,676,49.18,116380.0
9,8,912139,1712,2063,652.73,674800.0
14,13,912737,3382,3740,870.54,6278860.0
5,2,913157,504,505,39.35,165450.0
11,18,913852,116,116,472.1,3496560.0
2,21,917044,2245,2619,80.86,113140.0
13,13,917396,2478,2847,623.2,4526620.0
13,2,919163,1031,1367,220.36,1709650.0
4,15,919500,827,827,164.36,92780.0
13,11,920241,1849,2166,266.54,487320.0
15,17,920666,2610,2950,2375.68,2503370.0
19,1,922794,3120,3494,13117.44,53243360.0
4,15,925654,696,696,164.36,92780.0
13,15,926578,1283,1283,2662.4,1438090.0
4,14,927241,581,581,86.82,58000.0
4,12,928629,391,391,66.35,128400.0
13,5,930880,113,113,1413.12,205189.0
4,18,931809,708,709,55.58,411360.0
4,21,932327,3004,3379,170.74,226280.0
10,1,932900,1413,1820,478.94,1944280.0
4,18,939007,118,118,55.58,411360.0
13,18,940131,4438,4438,862.73,6376080.0
4,3,940162,974,974,78.04,224100.0
4,23,941345,0,1,0.0,
15,16,943664,5524,5937,68.05,1934610.0
15,18,944169,4067,4398,1638.4,12135120.0
4,9,944272,1370,1371,128.82,255700.0
2,23,944614,0,1,0.0,
14,21,950344,7528,7891,4003.84,4865020.0
13,23,954135,0,1,0.0,
5,20,955380,1628,2028,142.84,138930.0
19,1,960316,4364,4775,13117.44,53243360.0
15,13,960815,4786,5154,1198.08,8615180.0
9,20,961360,3290,3635,538.32,463100.0
5,13,962473,942,943,58.1,438060.0
5,17,962969,904,1285,110.57,127290.0
15,14,965979,3514,3515,2775.04,1711000.0
11,2,966718,592,940,177.06,937550.0
5,4,974579,742,1158,73.68,174570.0
4,2,979229,783,1115,20.59,110300.0
13,10,979411,216,537,1208.32,2948410.0
13,14,979938,117,469,1433.66,899000.0
4,16,980899,1954,1954,7.13,65580.0
11,8,982120,2861,3220,1167.36,1147160.0
5,23,982238,0,1,0.0,
4,15,982979,1135,1135,164.36,92780.0
5,3,984287,709,711,117.33,336150.0
17,6,987362,6803,7165,4116.48,2186250.0
4,4,988123,661,661,49.18,116380.0
4,7,993405,773,773,98.26,122180.0
17,20,995336,9073,9073,6451.2,5788750.0
4,2,996929,666,666,20.59,110300.0
13,23,997536,0,0,0.0,
19,2,997555,895,1300,2478.08,19633400.0
5,17,998052,910,1251,110.57,127290.0
4,4,998282,622,623,49.18,116380.0
17,23,998919,0,0,0.0,
17,7,999378,7920,8261,6762.03,7636250.0
15,7,1003927,10476,10866,3120.15,3604310.0
15,5,1003998,10033,10373,2744.32,390521.0
17,15,1004490,6611,6611,11120.64,5798750.0
2,3,1004780,2051,2427,38.94,112050.0
17,13,1006394,15496,15896,2560.0,18252500.0
4,15,1006671,1844,1845,164.36,92780.0
14,4,1008787,8729,9071,1064.96,2502170.0
4,7,1011760,1458,1458,98.26,122180.0
5,14,1014111,526,901,131.05,87000.0
2,5,1016231,111,111,41.06,6619.0
15,8,1016542,6505,6506,3819.52,3981320.0
4,13,1017640,945,945,38.13,292040.0
4,15,1017808,810,1142,164.36,92780.0
4,3,1017860,1044,1384,78.04,224100.0
14,3,1019833,4554,4555,1730.56,4818150.0
5,7,1024655,1466,1467,150.19,183270.0
4,22,1024783,1433,1433,12.81,39640.0
19,11,1024859,5189,5528,3000.32,5596320.0
5,19,1026133,874,877,129.23,154740.0
5,4,1027161,592,593,73.68,174570.0
5,4,1028456,524,526,73.68,174570.0
5,6,1029217,147,149,98.91,52470.0
15,9,1030306,6027,6028,4096.0,7543150.0
11,14,1032221,1056,1433,774.64,493000.0
13,8,1034333,3798,4168,1955.84,2091880.0
15,23,1036180,0,2,0.0,
5,14,1036407,570,571,131.05,87000.0
13,3,1038138,1797,2163,1239.04,3473550.0
5,7,1040176,712,713,150.19,183270.0
5,11,1043976,694,695,42.57,47160.0
5,19,1044918,744,745,129.23,154740.0
13,7,1046424,902,902,1616.34,1893790.0
4,21,1049332,3689,4036,170.74,226280.0
19,7,1050020,4266,4655,19733.67,21748040.0
5,1,1050524,805,806,110.61,448680.0
11,16,1051555,2713,3094,48.77,557430.0
5,8,1052365,2122,2123,175.68,202440.0
13,13,1054566,2670,2671,623.2,4526620.0
4,14,1055534,667,667,86.82,58000.0
5,10,1056237,195,197,113.55,285330.0
15,20,1057105,6769,7144,2949.12,2732290.0
13,23,1057618,0,0,0.0,
2,17,1058113,964,1340,45.17,42430.0
15,19,1059075,5007,5351,2744.32,3043220.0
9,16,1061760,2204,2600,37.0,327900.0
10,22,1066955,2761,3097,88.74,257660.0
13,12,1067200,964,965,1034.24,1990200.0
10,3,1067652,1479,1825,512.8,1456650.0
13,14,1068878,807,807,1433.66,899000.0
4,20,1069980,1836,2243,92.94,92620.0
19,16,1071524,2208,2570,412.0,11673240.0
5,23,1073276,0,1,0.0,
4,15,1073710,118,118,164.36,92780.0
14,21,1076003,8262,8657,4003.84,4865020.0
5,6,1077109,175,500,98.91,52470.0
4,20,1077245,1745,1745,92.94,92620.0
15,12,1083456,6668,7001,1986.56,3787800.0
13,8,1084622,5965,6344,1955.84,2091880.0
15,4,1088108,5306,5654,1474.56,3433210.0
5,13,1088388,1073,1425,58.1,438060.0
9,9,1090944,2336,2702,730.66,1278500.0
19,11,1092849,3626,3995,3000.32,5596320.0
5,23,1092982,0,1,0.0,
5,18,1096207,126,127,83.54,617040.0
14,6,1097239,1301,1634,1413.12,752070.0
11,10,1097255,730,1074,652.68,1616870.0
13,5,1099135,2684,2685,1413.12,205189.0
5,22,1103530,1300,1301,19.48,59460.0
4,3,1105380,642,994,78.04,224100.0
15,20,1106014,5327,5668,2949.12,2732290.0
2,7,1106197,943,1310,47.45,61090.0
5,4,1106725,1235,1236,73.68,174570.0
5,6,1111767,167,169,98.91,52470.0
15,17,1113186,3350,3351,2375.68,2503370.0
13,9,1113357,5319,5649,2109.44,3963350.0
15,6,1113621,2500,2854,1945.6,1031910.0
5,9,1116431,1961,1962,200.62,383550.0
5,6,1117232,152,515,98.91,52470.0
5,23,1121615,0,1,0.0,
5,14,1122318,599,601,131.05,87000.0
19,16,1122679,2333,2719,412.0,11673240.0
15,1,1124032,5372,5374,2170.88,8824040.0
5,6,1124588,389,391,98.91,52470.0
14,18,1128909,2969,3411,1116.16,8844240.0
15,22,1130126,3162,3163,425.06,1169380.0
11,23,1131331,0,1,0.0,
4,4,1132969,828,1203,49.18,116380.0
2,12,1134457,377,803,33.19,64200.0
7,7,1135120,832,1193,257.77,305450.0
5,5,1136411,1226,1597,130.69,19857.0
4,11,1137096,839,840,23.59,31440.0
4,11,1137215,953,1332,23.59,31440.0
4,4,1139328,795,796,49.18,116380.0
19,3,1141114,8939,9308,14551.04,39889800.0
15,10,1142630,322,323,2314.24,5611490.0
5,4,1144622,1088,1089,73.68,174570.0
13,3,1145115,4596,4927,1239.04,3473550.0
5,13,1145357,1204,1516,58.1,438060.0
4,1,1150653,805,1206,73.74,299120.0
5,1,1152228,640,642,110.61,448680.0
15,22,1152467,4191,4193,425.06,1169380.0
2,23,1152884,0,0,0.0,
13,8,1153715,2143,2144,1955.84,2091880.0
15,23,1153718,0,1,0.0,
5,5,1155748,1218,1220,130.69,19857.0
15,14,1160293,2051,2052,2775.04,1711000.0
7,21,1162160,3757,4138,458.61,565700.0
13,8,1163665,2189,2189,1955.84,2091880.0
5,15,1165306,724,725,251.44,139170.0
5,1,1166045,879,881,110.61,448680.0
14,9,1166250,8594,8985,3031.94,5497550.0
5,9,1166399,1641,1991,200.62,383550.0
5,19,1167222,1166,1168,129.23,154740.0
15,13,1168203,7654,7655,1198.08,8615180.0
15,11,1168993,3471,3857,499.78,927480.0
4,7,1172521,1162,1495,98.26,122180.0
5,11,1172918,729,730,42.57,47160.0
5,21,1173614,4475,4476,263.47,339420.0
11,22,1173666,2906,3256,117.97,336940.0
5,5,1174685,1606,1608,130.69,19857.0
5,19,1176061,1398,1748,129.23,154740.0
5,15,1176502,1095,1096,251.44,139170.0
13,15,1176579,1428,1772,2662.4,1438090.0
13,17,1184496,1173,1174,1218.56,1315330.0
4,19,1186513,748,1077,85.6,103160.0
15,19,1190229,4069,4450,2744.32,3043220.0
5,23,1192168,0,1,0.0,
5,14,1192663,450,876,131.05,87000.0
9,21,1194865,4031,4389,1034.24,1131400.0
11,5,1196406,2204,2588,877.69,112523.0
5,20,1196936,2121,2123,142.84,138930.0
5,4,1197831,1160,1494,73.68,174570.0
5,15,1199234,878,880,251.44,139170.0
19,8,1199713,15447,15786,24504.32,24022880.0
13,15,1200840,1862,2218,2662.4,1438090.0
5,21,1201019,3775,3777,263.47,339420.0
13,11,1204028,2109,2110,266.54,487320.0
15,9,1204240,13335,13337,4096.0,7543150.0
15,20,1205457,11222,11602,2949.12,2732290.0
5,21,1205506,5356,5357,263.47,339420.0
13,9,1205807,12081,12434,2109.44,3963350.0
7,5,1205927,4467,4846,225.31,33095.0
5,10,1207971,753,754,113.55,285330.0
13,6,1208554,2012,2013,1021.14,542190.0
13,13,1208691,7165,7513,623.2,4526620.0
10,20,1208744,7144,7482,688.99,602030.0
13,16,1209552,4280,5295,35.82,1016490.0
2,8,1210529,3763,4144,64.36,67480.0
5,14,1213277,1627,1629,131.05,87000.0
4,7,1215027,1551,1914,98.26,122180.0
5,7,1215317,1003,1005,150.19,183270.0
13,22,1216233,3259,3260,218.97,614420.0
4,19,1217732,906,906,85.6,103160.0
4,9,1219480,1267,1268,128.82,255700.0
5,22,1221904,1347,1348,19.48,59460.0
13,4,1223973,3286,3286,770.67,1803890.0
2,4,1224874,1000,1345,24.68,58190.0
5,20,1225036,1306,1307,142.84,138930.0
10,19,1227114,1633,1974,582.5,670540.0
5,9,1228006,1475,1476,200.62,383550.0
5,18,1228231,124,485,83.54,617040.0
5,19,1231177,1290,1291,129.23,154740.0
5,14,1231203,107,108,131.05,87000.0
5,8,1234315,1326,1327,175.68,202440.0
13,1,1234726,3803,3803,1146.88,4636360.0
5,20,1238298,1812,1813,142.84,138930.0
15,9,1239405,6373,6706,4096.0,7543150.0
5,22,1241297,1001,1002,19.48,59460.0
11,12,1243320,3596,3946,563.11,1091400.0
4,4,1243470,1663,2004,49.18,116380.0
13,18,1244266,4965,4966,862.73,6376080.0
15,7,1245463,2709,3082,3120.15,3604310.0
9,15,1247151,1705,2080,941.18,463900.0
5,19,1258021,993,1379,129.23,154740.0
15,17,1259226,1870,2268,2375.68,2503370.0
5,8,1259775,1051,1052,175.68,202440.0
4,15,1259873,1200,1573,164.36,92780.0
5,13,1266317,557,558,58.1,438060.0
5,22,1267716,1495,1497,19.48,59460.0
4,21,1268920,2663,2664,170.74,226280.0
4,17,1268951,779,1114,73.16,84860.0
11,6,1269164,387,719,559.9,297330.0
5,4,1270187,710,712,73.68,174570.0
5,11,1274386,657,659,42.57,47160.0
5,20,1274797,1517,1871,142.84,138930.0
5,9,1278650,1929,1930,200.62,383550.0
4,16,1280674,1907,1907,7.13,65580.0
5,7,1281643,1717,1718,150.19,183270.0
5,16,1282471,2228,2229,11.25,98370.0
2,11,1283843,813,1202,12.18,15720.0
5,1,1285080,1041,1043,110.61,448680.0
13,2,1287041,928,1336,220.36,1709650.0
4,4,1288615,677,678,49.18,116380.0
13,14,1289934,666,667,1433.66,899000.0
15,22,1292248,3509,3952,425.06,1169380.0
13,21,1292963,9121,9122,2856.96,3507340.0
15,21,1296809,11609,11610,5560.32,6675260.0
5,22,1299034,1385,1768,19.48,59460.0
5,1,1300632,1046,1453,110.61,448680.0
15,19,1301571,5328,5720,2744.32,3043220.0
11,11,1304867,1984,2320,202.01,267240.0
5,14,1305851,771,772,131.05,87000.0
4,5,1306401,1493,1826,85.31,13238.0
4,6,1307894,356,745,65.94,34980.0
5,8,1310130,1082,1083,175.68,202440.0
15,12,1310406,3192,3194,1986.56,3787800.0
15,2,1311579,534,535,412.6,3253850.0
15,8,1312470,4031,4033,3819.52,3981320.0
13,1,1312619,4067,4459,1146.88,4636360.0
13,16,1313091,2583,2958,35.82,1016490.0
2,23,1320747,0,0,0.0,
4,4,1321841,626,1046,49.18,116380.0
5,21,1326866,3074,3433,263.47,339420.0
15,6,1331605,894,1307,1945.6,1031910.0
5,21,1331896,3190,3191,263.47,339420.0
5,2,1333700,503,861,39.35,165450.0
6,4,1337262,972,1428,99.05,232760.0
6,7,1337563,985,1389,203.54,244360.0
6,21,1337570,4164,4560,360.24,452560.0
6,15,1338481,1533,1741,339.06,185560.0
6,13,1338569,935,1318,78.11,584080.0
5,21,1338647,3747,3749,263.47,339420.0
6,13,1340427,1134,1134,78.11,584080.0
6,15,1340715,921,922,339.06,185560.0
5,15,1340833,826,827,251.44,139170.0
6,20,1340920,997,1638,193.99,185240.0
13,21,1341090,7293,7626,2856.96,3507340.0
6,3,1342799,673,673,157.65,448200.0
10,23,1342810,0,1,0.0,
5,17,1342904,618,619,110.57,127290.0
6,18,1344799,1439,1439,109.59,822720.0
13,7,1345072,2456,2790,1616.34,1893790.0
4,20,1347146,1805,2155,92.94,92620.0
6,15,1347217,1498,1499,339.06,185560.0
6,8,1347974,898,899,239.5,269920.0
4,14,1348737,476,841,86.82,58000.0
6,11,1349155,744,745,55.99,62880.0
6,10,1349547,233,233,152.73,380440.0
5,23,1350117,0,2,0.0,
6,14,1350167,520,521,176.48,116000.0
6,13,1351601,890,891,78.11,584080.0
6,18,1351735,1002,1003,109.59,822720.0
6,10,1352204,433,818,152.73,380440.0
6,15,1352994,1189,1189,339.06,185560.0
11,17,1353859,1302,1681,659.24,721310.0
13,13,1354843,2472,2474,623.2,4526620.0
9,20,1355502,1942,2313,538.32,463100.0
15,23,1355696,0,1,0.0,
6,23,1356866,0,0,0.0,
6,7,1357264,844,845,203.54,244360.0
6,16,1357478,2021,2021,14.98,131160.0
6,1,1357590,1132,1133,147.37,598240.0
6,11,1358698,800,800,55.99,62880.0
4,20,1359118,686,686,92.94,92620.0
2,14,1359544,577,921,52.0,29000.0
2,13,1359757,405,756,18.72,146020.0
13,16,1361045,2665,2667,35.82,1016490.0
4,19,1366038,1097,1097,85.6,103160.0
4,4,1368436,569,569,49.18,116380.0
6,18,1372066,765,1101,109.59,822720.0
6,9,1372212,1729,2059,272.38,511400.0
9,22,1374747,1642,2003,68.15,198200.0
6,22,1374833,1299,1301,26.17,79280.0
6,21,1376875,3473,3474,360.24,452560.0
4,21,1377457,3284,3285,170.74,226280.0
6,3,1378369,938,939,157.65,448200.0
5,16,1381441,1860,2226,11.25,98370.0
6,20,1381660,1888,1889,193.99,185240.0
6,17,1382637,609,609,149.32,169720.0
6,1,1383884,679,679,147.37,598240.0
2,5,1384597,121,487,41.06,6619.0
5,23,1384994,0,1,0.0,
6,12,1385796,579,580,133.42,256800.0
6,2,1386452,546,546,52.17,220600.0
6,18,1386713,109,110,109.59,822720.0
6,10,1387196,188,189,152.73,380440.0
6,15,1387284,934,935,339.06,185560.0
13,18,1388903,3414,3823,862.73,6376080.0
6,15,1391364,1066,1066,339.06,185560.0
5,19,1393331,984,985,129.23,154740.0
6,16,1393995,2084,2084,14.98,131160.0
6,13,1394165,1164,1164,78.11,584080.0
6,21,1395232,3473,3804,360.24,452560.0
6,7,1396033,1055,1055,203.54,244360.0
6,8,1396208,1130,1131,239.5,269920.0
4,12,1397025,347,717,66.35,128400.0
15,23,1398157,0,1,0.0,
11,8,1398422,1832,2239,1167.36,1147160.0
6,10,1405049,204,205,152.73,380440.0
6,18,1405227,711,711,109.59,822720.0
6,13,1405433,109,109,78.11,584080.0
6,18,1407067,151,151,109.59,822720.0
6,9,1407096,1711,1712,272.38,511400.0
6,13,1407623,773,774,78.11,584080.0
6,18,1409102,112,112,109.59,822720.0
13,12,1409550,951,1329,1034.24,1990200.0
6,15,1410203,145,145,339.06,185560.0
6,18,1410789,131,132,109.59,822720.0
11,4,1410833,1701,2058,416.85,989230.0
5,15,1411342,1108,1451,251.44,139170.0
5,1,1411556,978,1339,110.61,448680.0
5,22,1411893,1508,1852,19.48,59460.0
6,12,1412793,456,457,133.42,256800.0
6,7,1413667,935,937,203.54,244360.0
6,18,1413790,111,111,109.59,822720.0
6,20,1414189,1706,1706,193.99,185240.0
13,18,1414412,5884,5885,862.73,6376080.0
17,22,1415287,10926,11277,934.33,2477500.0
17,13,1415558,16027,16383,2560.0,18252500.0
5,12,1416484,728,729,99.52,192600.0
6,9,1417314,2181,2182,272.38,511400.0
6,23,1418498,0,0,0.0,
6,14,1418871,1073,1073,176.48,116000.0
6,21,1418941,114,446,360.24,452560.0
6,17,1419246,1055,1196,149.32,169720.0
6,2,1420109,773,773,52.17,220600.0
6,12,1421104,846,847,133.42,256800.0
2,13,1422460,769,1138,18.72,146020.0
17,14,1422742,17609,17951,5969.92,3625000.0
5,16,1423476,1896,1897,11.25,98370.0
17,20,1424308,28430,30686,6451.2,5788750.0
17,22,1424411,11423,18954,934.33,2477500.0
15,22,1425099,6458,6842,425.06,1169380.0
17,14,1425869,15101,29925,5969.92,3625000.0
17,18,1426680,15493,32178,3502.08,25710000.0
6,21,1426683,3976,3977,360.24,452560.0
6,23,1427791,0,0,0.0,
5,8,1428370,1274,1275,175.68,202440.0
6,6,1430066,384,385,131.74,69960.0
13,4,1430507,5685,6033,770.67,1803890.0
5,3,1430786,1154,1156,117.33,336150.0
6,15,1430849,1709,1710,339.06,185560.0
6,3,1431365,1433,1433,157.65,448200.0
6,19,1432586,1814,1815,174.19,206320.0
13,15,1433293,2060,2438,2662.4,1438090.0
6,17,1433603,798,798,149.32,169720.0
15,1,1436500,17779,17780,2170.88,8824040.0
17,2,1438586,2099,18506,876.27,6893750.0
6,10,1440033,513,513,152.73,380440.0
13,14,1442870,2255,2256,1433.66,899000.0
6,4,1443324,1061,1061,99.05,232760.0
6,3,1443569,1047,1047,157.65,448200.0
6,10,1443854,394,734,152.73,380440.0
2,22,1444351,1769,2119,6.29,19820.0
6,19,1447223,2556,2557,174.19,206320.0
6,20,1447312,1963,1963,193.99,185240.0
6,12,1447312,1306,1308,133.42,256800.0
11,13,1447368,6549,6911,340.48,2482340.0
6,12,1448062,1175,1733,133.42,256800.0
6,8,1448288,1728,2715,239.5,269920.0
6,12,1448874,1272,2177,133.42,256800.0
6,5,1449183,1411,2024,177.64,26476.0
6,8,1452129,1756,1756,239.5,269920.0
6,1,1452329,1657,1657,147.37,598240.0
5,12,1452339,978,1313,99.52,192600.0
13,8,1454349,4784,4786,1955.84,2091880.0
6,5,1455402,1327,1327,177.64,26476.0
5,19,1458059,1082,1083,129.23,154740.0
6,4,1458197,937,937,99.05,232760.0
6,23,1458559,0,0,0.0,
5,13,1461069,103,104,58.1,438060.0
6,22,1461189,1142,1142,26.17,79280.0
6,4,1463162,660,660,99.05,232760.0
6,14,1466396,479,479,176.48,116000.0
6,14,1466586,489,860,176.48,116000.0
6,12,1467278,415,415,133.42,256800.0
6,10,1467590,117,117,152.73,380440.0
15,11,1467646,2130,2466,499.78,927480.0
6,4,1469307,671,672,99.05,232760.0
5,21,1469677,3772,3773,263.47,339420.0
6,19,1470292,1380,1380,174.19,206320.0
6,4,1470897,775,775,99.05,232760.0
5,2,1472359,803,1216,39.35,165450.0
6,14,1473542,797,798,176.48,116000.0
6,5,1475341,1365,1366,177.64,26476.0
6,13,1475535,945,946,78.11,584080.0
15,10,1476797,307,309,2314.24,5611490.0
5,15,1476979,944,945,251.44,139170.0
6,10,1477149,464,465,152.73,380440.0
13,1,1479484,4043,4372,1146.88,4636360.0
6,23,1480364,0,0,0.0,
6,5,1481121,125,125,177.64,26476.0
6,17,1481467,757,759,149.32,169720.0
6,4,1481909,937,937,99.05,232760.0
15,9,1482006,5202,5203,4096.0,7543150.0
6,14,1482069,573,895,176.48,116000.0
6,7,1484088,837,837,203.54,244360.0
6,18,1484778,114,114,109.59,822720.0
2,20,1485054,1814,2154,53.74,46310.0
6,7,1487243,1061,1062,203.54,244360.0
6,12,1487780,957,958,133.42,256800.0
6,22,1488718,1312,1312,26.17,79280.0
13,3,1489589,2069,2070,1239.04,3473550.0
15,11,1490608,1004,1006,499.78,927480.0
10,5,1492360,1344,1739,654.16,86047.0
6,19,1492460,925,925,174.19,206320.0
15,15,1492528,110,111,5140.48,2737010.0
6,20,1495222,2000,2002,193.99,185240.0
6,18,1495851,148,148,109.59,822720.0
13,12,1497734,1077,1078,1034.24,1990200.0
9,4,1499011,1160,1516,244.77,581900.0
6,20,1499420,2335,2336,193.99,185240.0
5,20,1500531,2140,2472,142.84,138930.0
5,9,1500950,2185,2568,200.62,383550.0
6,9,1501244,2273,2273,272.38,511400.0
5,18,1502979,992,1396,83.54,617040.0
6,14,1504377,508,509,176.48,116000.0
6,7,1506583,1338,1339,203.54,244360.0
6,8,1508056,1198,1198,239.5,269920.0
6,4,1509971,918,919,99.05,232760.0
11,15,1510141,2208,2536,1679.36,788630.0
13,22,1510598,2920,3250,218.97,614420.0
5,10,1510670,110,111,113.55,285330.0
13,3,1511239,2031,2399,1239.04,3473550.0
6,1,1514503,695,695,147.37,598240.0
6,9,1514807,1565,1938,272.38,511400.0
6,5,1517453,1548,1548,177.64,26476.0
6,15,1517921,1281,1281,339.06,185560.0
15,17,1518216,2369,2757,2375.68,2503370.0
6,21,1519828,4155,4155,360.24,452560.0
11,16,1520528,2220,2221,48.77,557430.0
15,18,1520849,3799,4128,1638.4,12135120.0
6,8,1521547,1635,1636,239.5,269920.0
6,8,1524638,1515,1515,239.5,269920.0
6,7,1526898,1573,1573,203.54,244360.0
6,2,1527361,569,571,52.17,220600.0
6,2,1528243,2310,2311,52.17,220600.0
5,3,1528932,790,1148,117.33,336150.0
6,1,1530468,826,826,147.37,598240.0
6,12,1531173,405,405,133.42,256800.0
6,11,1531540,454,454,55.99,62880.0
13,17,1534844,1493,1840,1218.56,1315330.0
6,10,1536256,751,751,152.73,380440.0
6,18,1536935,107,107,109.59,822720.0
6,20,1537741,1660,1661,193.99,185240.0
6,23,1538011,0,1,0.0,
13,18,1540187,131,132,862.73,6376080.0
6,5,1540332,122,122,177.64,26476.0
15,6,1546924,907,1242,1945.6,1031910.0
2,7,1547684,586,996,47.45,61090.0
2,16,1551318,1776,1777,3.42,32790.0
9,2,1552123,992,1382,127.65,551500.0
5,12,1552284,693,1035,99.52,192600.0
5,12,1552769,341,709,99.52,192600.0
15,23,1553905,0,1,0.0,
5,19,1556363,704,705,129.23,154740.0
5,6,1556469,128,130,98.91,52470.0
15,1,1561378,4648,5029,2170.88,8824040.0
5,17,1563983,735,736,110.57,127290.0
5,14,1566369,656,658,131.05,87000.0
5,7,1566381,786,788,150.19,183270.0
11,9,1566806,2927,3329,1280.0,2173450.0
5,9,1567364,1973,1974,200.62,383550.0
5,14,1569090,886,887,131.05,87000.0
13,2,1572151,391,797,220.36,1709650.0
5,5,1572277,1214,1216,130.69,19857.0
7,23,1575267,0,1,0.0,
13,12,1583226,1096,1501,1034.24,1990200.0
13,6,1585762,255,257,1021.14,542190.0
13,9,1588951,4071,4072,2109.44,3963350.0
5,15,1588997,1488,1827,251.44,139170.0
15,17,1590693,2995,3349,2375.68,2503370.0
7,13,1591011,947,1276,98.49,730100.0
15,15,1594613,2195,2196,5140.48,2737010.0
15,11,1597423,2780,2781,499.78,927480.0
2,6,1597491,262,617,32.98,17490.0
11,21,1599793,5051,5416,1873.92,1923380.0
13,4,1600268,2608,2610,770.67,1803890.0
13,10,1602896,570,571,1208.32,2948410.0
15,16,1605240,3239,3240,68.05,1934610.0
15,4,1607679,4730,5107,1474.56,3433210.0
15,4,1613951,3135,3136,1474.56,3433210.0
5,10,1617698,251,603,113.55,285330.0
13,18,1617733,3220,3554,862.73,6376080.0
5,20,1622320,1548,1549,142.84,138930.0
9,5,1626706,1417,1746,490.83,66190.0
2,21,1632532,2960,3364,80.86,113140.0
13,18,1633335,6140,6486,862.73,6376080.0
11,13,1633386,3924,4259,340.48,2482340.0
13,19,1634171,5252,5668,1413.12,1598980.0
15,22,1637728,3553,3927,425.06,1169380.0
13,20,1643210,2977,2978,1505.28,1435610.0
7,21,1644131,3681,4085,458.61,565700.0
15,1,1645764,5603,5604,2170.88,8824040.0
13,12,1647202,1389,1391,1034.24,1990200.0
13,23,1647610,0,1,0.0,
5,23,1654659,0,1,0.0,
10,2,1655984,944,1346,95.47,716950.0
5,20,1659266,1609,1973,142.84,138930.0
2,20,1666872,761,1116,53.74,46310.0
11,7,1667521,1308,1681,987.98,1038530.0
13,7,1670248,1251,1609,1616.34,1893790.0
9,22,1671285,2059,2428,68.15,198200.0
5,3,1678661,852,1231,117.33,336150.0
5,13,1680287,694,696,58.1,438060.0
7,9,1680739,1759,2136,339.58,639250.0
5,5,1681128,1139,1141,130.69,19857.0
5,20,1683965,1605,1607,142.84,138930.0
5,14,1686755,674,676,131.05,87000.0
13,5,1686847,2252,2636,1413.12,205189.0
15,23,1695349,0,1,0.0,
2,8,1698527,1087,1505,64.36,67480.0
13,8,1699026,2117,2118,1955.84,2091880.0
5,14,1702499,618,994,131.05,87000.0
7,14,1703896,634,1049,220.66,145000.0
13,23,1705484,0,2,0.0,
15,1,1710048,7580,7915,2170.88,8824040.0
15,21,1710388,12165,12526,5560.32,6675260.0
5,1,1720906,1023,1403,110.61,448680.0
11,5,1721657,2133,2512,877.69,112523.0
5,7,1723582,868,869,150.19,183270.0
11,8,1735878,1515,1852,1167.36,1147160.0
5,3,1737233,804,1190,117.33,336150.0
13,19,1737803,2909,3264,1413.12,1598980.0
15,4,1738183,3989,4338,1474.56,3433210.0
5,23,1741812,0,1,0.0,
5,22,1743255,1101,1103,19.48,59460.0
13,19,1744224,2006,2007,1413.12,1598980.0
5,18,1746073,145,146,83.54,617040.0
15,5,1747703,3018,3019,2744.32,390521.0
15,7,1752929,2422,2423,3120.15,3604310.0
2,14,1756327,430,747,52.0,29000.0
13,7,1757740,1636,1989,1616.34,1893790.0
5,6,1759706,151,531,98.91,52470.0
5,10,1763293,443,445,113.55,285330.0
13,16,1765482,2740,2741,35.82,1016490.0
11,17,1771019,768,1167,659.24,721310.0
15,22,1772623,2763,3108,425.06,1169380.0
5,21,1774159,114,462,263.47,339420.0
5,14,1774904,114,116,131.05,87000.0
2,17,1776398,535,897,45.17,42430.0
5,7,1778261,717,719,150.19,183270.0
13,4,1785058,2429,2826,770.67,1803890.0
5,2,1786372,630,631,39.35,165450.0
13,16,1786565,2969,3346,35.82,1016490.0
5,20,1788154,2401,2402,142.84,138930.0
5,22,1788777,1590,1960,19.48,59460.0
5,1,1789616,726,1071,110.61,448680.0
5,10,1790317,207,446,113.55,285330.0
15,12,1790466,3340,3672,1986.56,3787800.0
15,4,1794353,4187,4188,1474.56,3433210.0
13,5,1795007,2815,2816,1413.12,205189.0
15,12,1801465,2866,2867,1986.56,3787800.0
5,12,1803054,343,709,99.52,192600.0
13,3,1810446,5244,5605,1239.04,3473550.0
5,5,1810723,1538,1539,130.69,19857.0
10,12,1810767,4939,5283,430.26,834600.0
13,13,1810830,5384,5721,623.2,4526620.0
15,19,1810844,7582,7584,2744.32,3043220.0
5,14,1812613,719,720,131.05,87000.0
13,14,1813295,1821,2197,1433.66,899000.0
5,5,1814575,1029,1030,130.69,19857.0
5,22,1817097,1677,1678,19.48,59460.0
15,21,1820061,7083,7084,5560.32,6675260.0
5,23,1821679,0,2,0.0,
5,18,1822566,140,141,83.54,617040.0
13,8,1823336,2737,2739,1955.84,2091880.0
9,18,1828754,1155,1558,277.36,2056800.0
2,9,1829394,1061,1448,71.45,127850.0
15,19,1830494,4512,4514,2744.32,3043220.0
15,16,1831684,3506,3841,68.05,1934610.0
11,2,1832389,570,961,177.06,937550.0
5,1,1834196,902,1249,110.61,448680.0
13,17,1835035,1800,1801,1218.56,1315330.0
5,14,1839764,492,494,131.05,87000.0
5,2,1844177,407,408,39.35,165450.0
5,16,1845160,1822,1823,11.25,98370.0
2,18,1846375,130,484,26.6,205680.0
5,15,1848088,141,143,251.44,139170.0
13,4,1848345,2965,3346,770.67,1803890.0
5,19,1848612,833,834,129.23,154740.0
9,13,1849683,2168,2509,198.77,1460200.0
19,5,1849957,11808,12148,17448.96,2356364.0
5,2,1852110,765,767,39.35,165450.0
15,6,1854330,6568,6998,1945.6,1031910.0
13,5,1854948,4424,4426,1413.12,205189.0
5,21,1858235,4613,4614,263.47,339420.0
5,11,1858343,1338,1723,42.57,47160.0
15,9,1858812,6829,7204,4096.0,7543150.0
5,9,1860247,2636,2637,200.62,383550.0
15,9,1867444,4820,4821,4096.0,7543150.0
11,22,1871557,2113,2492,117.97,336940.0
13,5,1872025,2558,2923,1413.12,205189.0
5,20,1873209,1300,1634,142.84,138930.0
5,7,1877093,1217,1218,150.19,183270.0
5,17,1883133,604,605,110.57,127290.0
13,16,1883813,2695,2697,35.82,1016490.0
5,6,1884165,142,144,98.91,52470.0
5,12,1891505,467,468,99.52,192600.0
15,22,1893657,2950,3340,425.06,1169380.0
5,4,1895601,848,849,73.68,174570.0
5,6,1895840,280,612,98.91,52470.0
15,10,1896809,113,450,2314.24,5611490.0
11,2,1897174,384,735,177.06,937550.0
5,12,1897576,289,291,99.52,192600.0
5,2,1899665,656,658,39.35,165450.0
5,1,1903440,668,669,110.61,448680.0
2,18,1904146,367,741,26.6,205680.0
5,11,1905552,961,963,42.57,47160.0
19,20,1906606,2678,3035,19015.68,16486360.0
13,13,1906783,130,497,623.2,4526620.0
5,3,1911645,715,716,117.33,336150.0
15,18,1914128,3335,3756,1638.4,12135120.0
5,17,1914307,694,695,110.57,127290.0
11,6,1914777,709,1114,559.9,297330.0
5,16,1918422,1959,1960,11.25,98370.0
15,1,1919032,6479,6481,2170.88,8824040.0
5,10,1920742,236,238,113.55,285330.0
19,7,1921917,4861,5263,19733.67,21748040.0
5,9,1924168,1992,1993,200.62,383550.0
2,16,1924206,1630,1989,3.42,32790.0
5,14,1925834,461,804,131.05,87000.0
13,12,1927241,966,1344,1034.24,1990200.0
5,6,1928176,407,409,98.91,52470.0
13,22,1932734,2423,2424,218.97,614420.0
5,6,1934286,339,340,98.91,52470.0
15,23,1938599,0,1,0.0,
13,10,1939038,416,417,1208.32,2948410.0
5,13,1942592,468,469,58.1,438060.0
5,8,1943285,1040,1041,175.68,202440.0
5,19,1946145,853,854,129.23,154740.0
2,15,1946966,648,1022,79.18,46390.0
5,17,1949744,562,563,110.57,127290.0
11,21,1953676,4487,4867,1873.92,1923380.0
5,12,1954393,688,690,99.52,192600.0
13,18,1958087,119,505,862.73,6376080.0
15,18,1959366,128,538,1638.4,12135120.0
13,23,1959469,0,2,0.0,
5,7,1964494,723,725,150.19,183270.0
5,16,1965211,2054,2413,11.25,98370.0
5,6,1965294,148,149,98.91,52470.0
5,10,1967677,204,206,113.55,285330.0
5,15,1969543,1159,1160,251.44,139170.0
5,14,1970857,525,526,131.05,87000.0
9,3,1972045,1015,1388,394.15,1120500.0
5,11,1973234,1052,1053,42.57,47160.0
5,18,1974035,735,736,83.54,617040.0
5,11,1977836,778,779,42.57,47160.0
5,8,1978336,1146,1147,175.68,202440.0
5,10,1979650,242,244,113.55,285330.0
10,9,1980112,2564,2903,937.74,1662050.0
19,15,1980640,1562,1885,32419.84,16514840.0
15,4,1981434,3968,4293,1474.56,3433210.0
5,16,1982976,2173,2174,11.25,98370.0
5,19,1984162,836,837,129.23,154740.0
15,20,1989254,5330,5331,2949.12,2732290.0
9,13,1994223,1275,1637,198.77,1460200.0
5,18,1995025,117,119,83.54,617040.0
13,4,1999806,2559,3024,770.67,1803890.0
5,23,2002259,0,2,0.0,
19,14,2003109,314,692,17254.4,10324000.0
2,17,2003377,682,1052,45.17,42430.0
11,23,2005279,0,1,0.0,
15,15,2007819,1635,1972,5140.48,2737010.0
13,15,2011457,1109,1111,2662.4,1438090.0
13,12,2014258,930,931,1034.24,1990200.0
15,10,2014539,641,642,2314.24,5611490.0
15,12,2017122,3116,3117,1986.56,3787800.0
5,14,2018700,633,1035,131.05,87000.0
2,22,2022059,1182,1552,6.29,19820.0
5,11,2024991,917,918,42.57,47160.0
5,9,2026312,1370,1371,200.62,383550.0
5,5,2027799,1143,1144,130.69,19857.0
15,14,2029211,1782,1784,2775.04,1711000.0
13,20,2029484,4023,4385,1505.28,1435610.0
5,3,2029777,1109,1110,117.33,336150.0
15,20,2030967,4323,4644,2949.12,2732290.0
5,8,2031899,1547,1548,175.68,202440.0
5,19,2031943,1182,1504,129.23,154740.0
11,13,2041516,1580,1955,340.48,2482340.0
15,3,2043446,3930,3931,2375.68,6610950.0
19,7,2043956,4483,4852,19733.67,21748040.0
13,20,2047353,3868,4268,1505.28,1435610.0
13,15,2051291,1887,2239,2662.4,1438090.0
13,22,2054964,2662,2663,218.97,614420.0
5,18,2057377,126,506,83.54,617040.0
2,17,2057743,729,1108,45.17,42430.0
5,22,2059543,1238,1240,19.48,59460.0
13,21,2060907,7152,7154,2856.96,3507340.0
11,7,2064288,1549,1926,987.98,1038530.0
15,1,2065692,5891,6263,2170.88,8824040.0
5,20,2067392,1666,1668,142.84,138930.0
15,19,2076283,4323,4325,2744.32,3043220.0
13,14,2079479,1155,1576,1433.66,899000.0
5,10,2083033,213,619,113.55,285330.0
15,8,2084360,2634,2635,3819.52,3981320.0
13,11,2093788,1445,1832,266.54,487320.0
19,19,2094723,1824,2209,17059.84,18362480.0
2,20,2098213,1366,1734,53.74,46310.0
9,20,2098365,2550,2881,538.32,463100.0
11,22,2098704,1969,2322,117.97,336940.0
13,12,2098993,1170,1171,1034.24,1990200.0
5,10,2099441,124,487,113.55,285330.0
15,7,2100544,2604,2947,3120.15,3604310.0
5,15,2103520,652,653,251.44,139170.0
15,2,2103746,388,390,412.6,3253850.0
5,3,2103879,958,1332,117.33,336150.0
15,15,2104381,2079,2080,5140.48,2737010.0
5,4,2104639,896,897,73.68,174570.0
15,22,2105128,3311,3675,425.06,1169380.0
5,17,2112615,603,604,110.57,127290.0
19,1,2113943,2585,2949,13117.44,53243360.0
5,18,2116139,111,112,83.54,617040.0
10,10,2117757,260,656,497.0,1236430.0
13,21,2118595,6323,6658,2856.96,3507340.0
11,5,2119665,1570,1941,877.69,112523.0
5,16,2128046,1746,2138,11.25,98370.0
5,8,2128491,974,1350,175.68,202440.0
9,14,2131471,794,1204,448.46,290000.0
5,2,2137855,375,376,39.35,165450.0
19,7,2138207,3700,4066,19733.67,21748040.0
5,22,2138466,1443,1444,19.48,59460.0
15,3,2141983,3189,3594,2375.68,6610950.0
15,5,2143578,3456,3800,2744.32,390521.0
13,9,2144307,3808,4241,2109.44,3963350.0
5,19,2149760,837,838,129.23,154740.0
2,5,2152004,740,1145,41.06,6619.0
5,21,2157813,3253,3253,263.47,339420.0
5,22,2160890,1019,1378,19.48,59460.0
11,11,2164808,1167,1542,202.01,267240.0
13,20,2165305,2417,2749,1505.28,1435610.0
1,10,2166678,673,1047,37.8,95110.0
5,11,2168443,547,547,42.57,47160.0
5,10,2169269,133,133,113.55,285330.0
5,17,2169361,111,111,110.57,127290.0
15,21,2171544,14426,14789,5560.32,6675260.0
15,1,2171684,9576,9928,2170.88,8824040.0
13,1,2172469,7572,7573,1146.88,4636360.0
5,20,2179506,2048,2430,142.84,138930.0
13,18,2180394,4602,4603,862.73,6376080.0
5,19,2182318,1146,1147,129.23,154740.0
11,23,2182934,0,0,0.0,
19,17,2188706,882,1298,14837.76,15105080.0
2,13,2192114,569,909,18.72,146020.0
5,12,2200125,383,736,99.52,192600.0
15,6,2207463,1165,1635,1945.6,1031910.0
19,20,2208422,2777,3189,19015.68,16486360.0
5,14,2209228,146,146,131.05,87000.0
5,20,2210761,1115,1116,142.84,138930.0
19,11,2212862,3148,3148,3000.32,5596320.0
5,5,2213583,1730,1731,130.69,19857.0
5,15,2213861,1134,1476,251.44,139170.0
13,2,2215358,392,759,220.36,1709650.0
15,6,2216428,1128,1129,1945.6,1031910.0
13,13,2216961,2534,2535,623.2,4526620.0
2,14,2217794,226,594,52.0,29000.0
5,20,2220003,1155,1155,142.84,138930.0
5,13,2220754,794,794,58.1,438060.0
1,20,2221307,1032,1431,53.74,46310.0
15,14,2221916,1169,1170,2775.04,1711000.0
5,6,2222239,156,156,98.91,52470.0
5,6,2224429,172,172,98.91,52470.0
5,2,2228913,386,386,39.35,165450.0
5,11,2229633,1094,1095,42.57,47160.0
15,6,2231018,755,756,1945.6,1031910.0
15,18,2232343,3497,3499,1638.4,12135120.0
11,2,2234686,584,900,177.06,937550.0
1,13,2234689,573,897,18.72,146020.0
9,6,2237518,446,795,329.36,174900.0
11,11,2238851,672,672,202.01,267240.0
5,16,2241247,2129,2476,11.25,98370.0
5,10,2241907,1029,1370,113.55,285330.0
10,5,2241957,1958,2327,654.16,86047.0
11,8,2242048,2693,2694,1167.36,1147160.0
13,12,2243015,1362,1713,1034.24,1990200.0
5,9,2245691,1879,1879,200.62,383550.0
5,19,2246694,876,876,129.23,154740.0
13,23,2247993,0,2,0.0,
13,21,2248689,6969,6971,2856.96,3507340.0
15,19,2251615,4549,4965,2744.32,3043220.0
5,7,2252182,1467,1467,150.19,183270.0
5,19,2253758,1145,1145,129.23,154740.0
15,21,2256528,11846,12215,5560.32,6675260.0
19,7,2259743,7159,7528,19733.67,21748040.0
15,7,2260837,2395,2396,3120.15,3604310.0
2,7,2261823,602,968,47.45,61090.0
10,20,2262736,4878,5253,688.99,602030.0
5,12,2268712,534,976,99.52,192600.0
5,21,2271333,3003,3004,263.47,339420.0
1,1,2273338,567,942,36.89,149560.0
2,17,2274008,276,615,45.17,42430.0
5,3,2275937,829,830,117.33,336150.0
5,13,2279684,157,158,58.1,438060.0
15,15,2281452,1845,2267,5140.48,2737010.0
13,19,2283790,2719,3101,1413.12,1598980.0
9,20,2285168,2138,2463,538.32,463100.0
15,12,2285733,4809,4810,1986.56,3787800.0
11,5,2287752,2361,2726,877.69,112523.0
13,6,2291552,252,253,1021.14,542190.0
15,11,2291731,2076,2077,499.78,927480.0
15,23,2292468,0,1,0.0,
13,16,2297719,3328,3329,35.82,1016490.0
2,16,2306668,1777,2187,3.42,32790.0
19,14,2308043,313,644,17254.4,10324000.0
13,9,2309921,5821,5822,2109.44,3963350.0
1,22,2310048,1067,1443,6.29,19820.0
5,13,2311329,577,921,58.1,438060.0
15,19,2316454,3977,4338,2744.32,3043220.0
5,16,2317968,1984,1984,11.25,98370.0
11,14,2319956,841,1198,774.64,493000.0
5,23,2322515,0,1,0.0,
15,11,2325344,2515,2517,499.78,927480.0
5,13,2326567,115,115,58.1,438060.0
18,9,2329038,24416,24853,14520.32,25825700.0
13,15,2330083,122,510,2662.4,1438090.0
15,18,2332322,8230,8231,1638.4,12135120.0
5,20,2335641,1596,1597,142.84,138930.0
13,1,2335857,10277,10279,1146.88,4636360.0
5,7,2337327,787,787,150.19,183270.0
5,6,2338660,355,356,98.91,52470.0
5,23,2340181,0,0,0.0,
5,22,2342333,1291,1292,19.48,59460.0
2,3,2344534,543,889,38.94,112050.0
13,6,2345113,1345,1693,1021.14,542190.0
19,7,2345511,7832,8169,19733.67,21748040.0
5,22,2347584,1672,1672,19.48,59460.0
1,2,2351805,1162,1548,10.0,55150.0
18,18,2353594,13595,13910,5713.92,41547360.0
5,5,2355657,1067,1067,130.69,19857.0
15,8,2360973,5316,5710,3819.52,3981320.0
5,11,2361216,358,358,42.57,47160.0
5,13,2361335,110,457,58.1,438060.0
15,13,2362899,5850,6247,1198.08,8615180.0
5,5,2365438,992,993,130.69,19857.0
19,20,2370175,3495,3853,19015.68,16486360.0
11,6,2370374,563,895,559.9,297330.0
13,5,2370895,2003,2377,1413.12,205189.0
13,1,2376177,2980,2982,1146.88,4636360.0
2,4,2381549,118,478,24.68,58190.0
19,6,2383972,280,280,11724.8,6226440.0
11,19,2385221,2037,2429,764.9,876860.0
13,18,2390937,113,551,862.73,6376080.0
10,13,2392973,1837,2230,258.01,1898260.0
5,2,2392988,1016,1393,39.35,165450.0
9,1,2393995,2177,2563,368.43,1495600.0
15,6,2394358,1395,1770,1945.6,1031910.0
5,20,2396692,1704,1704,142.84,138930.0
15,9,2399001,8217,8219,4096.0,7543150.0
5,17,2399211,1092,1092,110.57,127290.0
18,5,2403069,13639,14025,9717.76,1337038.0
19,20,2408003,3647,4004,19015.68,16486360.0
5,16,2408010,2430,2430,11.25,98370.0
1,6,2408367,313,674,32.98,17490.0
15,17,2412025,5066,5066,2375.68,2503370.0
5,9,2414302,1459,1460,200.62,383550.0
5,16,2419792,2469,2469,11.25,98370.0
11,12,2419909,1118,1472,563.11,1091400.0
1,6,2424843,390,798,32.98,17490.0
2,12,2426697,824,1207,33.19,64200.0
19,2,2427994,704,1100,2478.08,19633400.0
15,9,2435299,5924,6298,4096.0,7543150.0
15,23,2439534,0,0,0.0,
18,5,2440329,12101,12510,9717.76,1337038.0
13,20,2440513,3728,4074,1505.28,1435610.0
5,13,2445045,807,1186,58.1,438060.0
2,21,2448904,2724,3160,80.86,113140.0
9,1,2449351,2423,2745,368.43,1495600.0
13,3,2453053,1969,1970,1239.04,3473550.0
5,11,2454744,658,658,42.57,47160.0
13,2,2454928,613,960,220.36,1709650.0
13,13,2462800,3167,3169,623.2,4526620.0
15,19,2463509,4728,5129,2744.32,3043220.0
5,5,2466301,1590,1940,130.69,19857.0
1,12,2467316,493,858,33.19,64200.0
19,1,2467670,3111,3549,13117.44,53243360.0
11,16,2469241,2338,2670,48.77,557430.0
5,12,2469427,654,655,99.52,192600.0
15,2,2471888,397,397,412.6,3253850.0
5,14,2472328,422,423,131.05,87000.0
13,15,2474682,1408,1410,2662.4,1438090.0
5,15,2480152,1087,1089,251.44,139170.0
15,19,2480215,4962,4963,2744.32,3043220.0
15,20,2481567,6827,7208,2949.12,2732290.0
18,12,2481876,26254,26616,6789.12,12968400.0
5,13,2483346,950,950,58.1,438060.0
2,14,2487890,442,873,52.0,29000.0
5,13,2490000,112,112,58.1,438060.0
5,18,2493000,128,129,83.54,617040.0
15,22,2494988,4945,4945,425.06,1169380.0
5,1,2498599,1162,1163,110.61,448680.0
18,19,2499705,23445,23788,9543.68,10419160.0
19,20,2500782,5666,6077,19015.68,16486360.0
11,23,2501567,0,0,0.0,
5,21,2502625,4739,4739,263.47,339420.0
13,1,2510903,122,501,1146.88,4636360.0
13,9,2512426,8943,8944,2109.44,3963350.0
1,14,2515579,702,1105,52.0,29000.0
15,18,2517556,5593,5937,1638.4,12135120.0
1,20,2522029,925,926,53.74,46310.0
2,16,2523875,2654,3030,3.42,32790.0
5,21,2526863,3303,3662,263.47,339420.0
13,13,2529117,118,119,623.2,4526620.0
5,4,2530230,127,508,73.68,174570.0
5,20,2530870,1593,1593,142.84,138930.0
15,18,2530982,3182,3183,1638.4,12135120.0
10,10,2533704,246,590,497.0,1236430.0
19,1,2534566,2496,2842,13117.44,53243360.0
5,14,2535021,129,129,131.05,87000.0
5,20,2542093,1865,1865,142.84,138930.0
9,18,2544590,1339,1692,277.36,2056800.0
5,7,2545690,591,592,150.19,183270.0
5,8,2549262,1208,1208,175.68,202440.0
5,12,2551475,424,424,99.52,192600.0
1,9,2555255,929,1267,71.45,127850.0
11,7,2559476,1113,1496,987.98,1038530.0
13,21,2560402,8199,8542,2856.96,3507340.0
9,12,2561825,1478,1795,330.81,642000.0
18,15,2565544,12580,12949,18104.32,9370780.0
5,12,2569998,112,491,99.52,192600.0
2,12,2570323,265,607,33.19,64200.0
5,20,2577096,1845,1845,142.84,138930.0
11,7,2578945,1291,1653,987.98,1038530.0
5,9,2580482,1336,1337,200.62,383550.0
15,21,2582046,8397,8720,5560.32,6675260.0
19,9,2587785,29333,29705,25948.16,45514600.0
19,11,2589581,3756,4147,3000.32,5596320.0
5,18,2591479,109,109,83.54,617040.0
13,10,2592383,814,1192,1208.32,2948410.0
15,15,2595726,2753,2754,5140.48,2737010.0
5,7,2595940,2341,2341,150.19,183270.0
5,3,2596187,876,1223,117.33,336150.0
1,14,2596904,1230,1576,52.0,29000.0
13,19,2597545,6028,6030,1413.12,1598980.0
13,2,2597552,2542,2917,220.36,1709650.0
15,14,2598997,5089,5090,2775.04,1711000.0
5,1,2600120,2393,2393,110.61,448680.0
11,10,2600421,1928,2286,652.68,1616870.0
13,23,2605335,0,1,0.0,
5,11,2607410,364,365,42.57,47160.0
5,12,2611389,773,773,99.52,192600.0
5,15,2611952,113,468,251.44,139170.0
2,19,2613195,1321,1697,51.4,51580.0
19,12,2613369,58439,58798,11960.32,22855200.0
13,3,2616986,2604,2973,1239.04,3473550.0
15,23,2625719,0,0,0.0,
1,20,2631735,2937,3309,53.74,46310.0
6,20,2632719,6695,7080,193.99,185240.0
6,18,2633175,114,459,109.59,822720.0
6,22,2633219,4363,4711,26.17,79280.0
6,19,2634094,4595,4596,174.19,206320.0
6,15,2634238,1758,5451,339.06,185560.0
13,11,2636527,5414,5801,266.54,487320.0
6,12,2636579,3048,5159,133.42,256800.0
11,21,2637312,14506,14876,1873.92,1923380.0
15,9,2638375,23022,23409,4096.0,7543150.0
6,18,2638386,112,1414,109.59,822720.0
6,23,2639627,0,0,0.0,
5,7,2639645,914,1298,150.19,183270.0
6,7,2640155,790,791,203.54,244360.0
5,17,2640906,1572,1956,110.57,127290.0
15,16,2641858,5763,6139,68.05,1934610.0
5,18,2643403,131,131,83.54,617040.0
5,23,2644596,0,1,0.0,
6,17,2645306,1319,1319,149.32,169720.0
5,11,2646913,1196,1196,42.57,47160.0
6,5,2647608,2731,2731,177.64,26476.0
6,17,2647999,1226,1226,149.32,169720.0
6,22,2648217,1754,1754,26.17,79280.0
19,9,2648582,25849,26170,25948.16,45514600.0
13,20,2649653,7260,7261,1505.28,1435610.0
13,14,2651197,3938,4331,1433.66,899000.0
2,16,2651203,2246,2635,3.42,32790.0
15,1,2651838,16112,16112,2170.88,8824040.0
5,3,2652290,1784,1784,117.33,336150.0
6,14,2654815,1344,1344,176.48,116000.0
5,8,2655423,1217,1218,175.68,202440.0
13,13,2656906,132,133,623.2,4526620.0
6,10,2657568,645,645,152.73,380440.0
6,21,2658056,4906,4906,360.24,452560.0
5,20,2659664,2241,2243,142.84,138930.0
6,15,2660444,1344,1345,339.06,185560.0
6,3,2660995,797,1169,157.65,448200.0
6,17,2662267,626,626,149.32,169720.0
6,22,2663220,1700,1700,26.17,79280.0
6,20,2663597,2140,2141,193.99,185240.0
6,16,2668508,2106,2107,14.98,131160.0
11,3,2673594,1619,1970,672.98,1904850.0
15,17,2675359,2330,2331,2375.68,2503370.0
15,9,2675443,6486,6839,4096.0,7543150.0
1,2,2675637,955,1343,10.0,55150.0
13,12,2677440,1893,2265,1034.24,1990200.0
5,1,2677571,1124,1476,110.61,448680.0
19,7,2678712,5152,5152,19733.67,21748040.0
2,23,2682353,0,1,0.0,
5,1,2685281,591,591,110.61,448680.0
13,4,2690741,2864,3198,770.67,1803890.0
6,10,2696931,388,800,152.73,380440.0
13,3,2698747,1849,1850,1239.04,3473550.0
6,20,2702865,1645,1646,193.99,185240.0
5,23,2704193,0,0,0.0,
5,23,2706514,0,0,0.0,
13,15,2711402,125,476,2662.4,1438090.0
15,4,2712011,3698,4058,1474.56,3433210.0
13,10,2714942,438,439,1208.32,2948410.0
10,2,2717301,462,808,95.47,716950.0
13,6,2718315,384,386,1021.14,542190.0
2,13,2722230,560,942,18.72,146020.0
19,18,2724549,22388,22727,10874.88,73222080.0
5,15,2727564,126,479,251.44,139170.0
1,8,2728458,705,1045,64.36,67480.0
9,19,2728826,3446,3770,442.65,515800.0
15,19,2729593,15157,15528,2744.32,3043220.0
14,12,2729814,15842,16171,1433.6,2760600.0
13,14,2731844,1631,1994,1433.66,899000.0
11,7,2731979,8249,8603,987.98,1038530.0
13,12,2735100,7673,7675,1034.24,1990200.0
13,2,2738130,1825,2167,220.36,1709650.0
5,18,2738812,138,534,83.54,617040.0
13,3,2738921,7516,7930,1239.04,3473550.0
15,9,2738968,12409,12777,4096.0,7543150.0
5,22,2740224,3157,3157,19.48,59460.0
9,14,2741456,4526,4527,448.46,290000.0
1,3,2741513,1793,2121,38.94,112050.0
2,12,2741665,2007,2369,33.19,64200.0
5,11,2741741,1544,1875,42.57,47160.0
15,23,2745929,0,1,0.0,
14,13,2750316,4194,4195,870.54,6278860.0
15,14,2750552,3374,3374,2775.04,1711000.0
5,4,2750999,1001,1001,73.68,174570.0
15,20,2752688,4643,4643,2949.12,2732290.0
13,2,2753154,1812,1813,220.36,1709650.0
5,6,2756820,120,120,98.91,52470.0
5,20,2757389,1727,1728,142.84,138930.0
15,20,2758099,3919,3920,2949.12,2732290.0
13,15,2762790,1403,1404,2662.4,1438090.0
15,11,2764467,2154,2154,499.78,927480.0
13,4,2764616,2624,2626,770.67,1803890.0
19,12,2764911,5043,5427,11960.32,22855200.0
5,15,2767083,123,123,251.44,139170.0
11,11,2767324,700,1050,202.01,267240.0
5,11,2768615,342,342,42.57,47160.0
5,12,2768766,319,661,99.52,192600.0
5,17,2768817,624,981,110.57,127290.0
15,1,2770427,5553,5553,2170.88,8824040.0
5,1,2770472,831,831,110.61,448680.0
5,16,2774437,1939,1940,11.25,98370.0
5,20,2774934,1626,1626,142.84,138930.0
5,15,2775115,901,901,251.44,139170.0
1,2,2776077,341,708,10.0,55150.0
5,14,2779170,821,821,131.05,87000.0
14,21,2780910,6790,7199,4003.84,4865020.0
5,21,2781814,3341,3341,263.47,339420.0
5,5,2784523,1613,1613,130.69,19857.0
15,23,2785487,0,0,0.0,
5,15,2786450,831,831,251.44,139170.0
2,9,2787459,699,1075,71.45,127850.0
19,16,2787815,2211,2582,412.0,11673240.0
5,23,2789100,0,1,0.0,
15,13,2790746,4034,4415,1198.08,8615180.0
5,4,2792587,123,123,73.68,174570.0
13,23,2797291,0,2,0.0,
13,20,2800519,3397,3772,1505.28,1435610.0
15,11,2804633,2075,2075,499.78,927480.0
15,1,2806910,4921,4922,2170.88,8824040.0
5,12,2807993,288,687,99.52,192600.0
5,11,2808799,691,691,42.57,47160.0
5,2,2808880,377,737,39.35,165450.0
11,3,2812455,1657,1980,672.98,1904850.0
15,14,2814464,1945,1945,2775.04,1711000.0
11,7,2817871,1291,1291,987.98,1038530.0
19,10,2820444,4112,4474,14151.68,33859160.0
5,2,2821429,421,791,39.35,165450.0
2,22,2823669,1197,1561,6.29,19820.0
15,11,2825765,1996,1996,499.78,927480.0
15,15,2826574,2479,2846,5140.48,2737010.0
15,17,2827480,1817,2177,2375.68,2503370.0
13,13,2828835,105,412,623.2,4526620.0
15,3,2829318,8565,8565,2375.68,6610950.0
1,8,2830398,971,1350,64.36,67480.0
5,23,2831555,0,0,0.0,
13,7,2832045,1567,1568,1616.34,1893790.0
12,16,2832445,2511,2884,77.38,754170.0
5,22,2839736,1122,1451,19.48,59460.0
15,23,2841466,0,0,0.0,
15,20,2841768,4148,4148,2949.12,2732290.0
5,19,2843589,990,990,129.23,154740.0
5,12,2847475,446,447,99.52,192600.0
14,21,2851608,22158,22508,4003.84,4865020.0
13,4,2852779,10400,10767,770.67,1803890.0
13,15,2852857,1769,2086,2662.4,1438090.0
15,12,2854368,20129,20129,1986.56,3787800.0
13,4,2854781,8596,8970,770.67,1803890.0
5,22,2856559,1669,1670,19.48,59460.0
12,13,2857135,9846,10218,462.14,3358460.0
15,9,2857291,23945,24269,4096.0,7543150.0
15,1,2857944,17109,17443,2170.88,8824040.0
13,19,2858120,17266,17267,1413.12,1598980.0
13,8,2859680,12493,16359,1955.84,2091880.0
2,1,2859829,4208,4593,36.89,149560.0
13,6,2860423,3338,6666,1021.14,542190.0
14,21,2862334,17546,17914,4003.84,4865020.0
5,23,2863767,0,0,0.0,
15,5,2864643,4135,13990,2744.32,390521.0
5,15,2865690,4294,4295,251.44,139170.0
10,9,2867426,8755,9104,937.74,1662050.0
1,5,2869803,1642,2008,41.06,6619.0
5,7,2872246,1360,1360,150.19,183270.0
5,9,2873627,2149,2150,200.62,383550.0
9,11,2873660,2342,2708,142.86,157200.0
15,14,2874052,3605,4939,2775.04,1711000.0
19,6,2879265,269,634,11724.8,6226440.0
5,12,2880879,288,288,99.52,192600.0
19,19,2882437,1594,1595,17059.84,18362480.0
13,7,2884329,1491,1492,1616.34,1893790.0
11,9,2886178,2900,3280,1280.0,2173450.0
5,5,2889064,110,110,130.69,19857.0
5,17,2891248,615,615,110.57,127290.0
5,5,2894105,1288,1289,130.69,19857.0
13,10,2900977,377,721,1208.32,2948410.0
19,21,2901411,23854,24197,35696.64,40277840.0
15,21,2902517,18717,19044,5560.32,6675260.0
13,16,2902670,2968,2969,35.82,1016490.0
15,20,2903241,7444,7826,2949.12,2732290.0
11,15,2903252,3476,3847,1679.36,788630.0
5,18,2905759,107,449,83.54,617040.0
14,18,2906974,7054,7427,1116.16,8844240.0
2,15,2909769,859,1204,79.18,46390.0
15,11,2911113,3735,3735,499.78,927480.0
9,7,2911217,2954,3322,555.72,610900.0
13,8,2919195,3980,4353,1955.84,2091880.0
15,1,2921524,113,113,2170.88,8824040.0
12,2,2922219,1216,1583,265.43,1268450.0
15,20,2923515,4982,4982,2949.12,2732290.0
15,1,2924562,8722,8722,2170.88,8824040.0
12,13,2926253,3784,3785,462.14,3358460.0
5,5,2926520,2051,2423,130.69,19857.0
13,9,2927124,8893,8894,2109.44,3963350.0
15,15,2927388,126,506,5140.48,2737010.0
5,2,2927406,1399,1761,39.35,165450.0
15,23,2927895,0,0,0.0,
5,12,2930285,1111,1111,99.52,192600.0
11,8,2930751,3696,4067,1167.36,1147160.0
5,5,2931877,1701,1701,130.69,19857.0
19,2,2932403,936,936,2478.08,19633400.0
14,12,2932954,4188,4515,1433.6,2760600.0
2,17,2937730,630,975,45.17,42430.0
15,16,2938562,2971,2972,68.05,1934610.0
5,19,2938831,940,940,129.23,154740.0
5,9,2939204,1512,1867,200.62,383550.0
5,18,2943878,140,140,83.54,617040.0
15,9,2947333,4822,4823,4096.0,7543150.0
15,15,2950916,2882,3287,5140.48,2737010.0
15,19,2954713,5177,5178,2744.32,3043220.0
13,12,2955554,1336,1713,1034.24,1990200.0
15,12,2957228,3986,3987,1986.56,3787800.0
5,6,2961191,147,524,98.91,52470.0
15,15,2962046,1829,1831,5140.48,2737010.0
5,19,2962360,924,924,129.23,154740.0
15,1,2963466,8110,8110,2170.88,8824040.0
15,12,2963962,4239,4239,1986.56,3787800.0
15,2,2965689,1111,1485,412.6,3253850.0
5,23,2966795,0,0,0.0,
13,18,2967465,6738,7101,862.73,6376080.0
14,20,2967773,6777,7138,2191.36,1991330.0
5,23,2968719,0,0,0.0,
5,15,2969959,1162,1163,251.44,139170.0
11,11,2971728,1444,1775,202.01,267240.0
13,17,2973991,1880,2247,1218.56,1315330.0
15,19,2974260,4467,4467,2744.32,3043220.0
2,23,2975072,0,1,0.0,
12,8,2979565,2173,2527,1433.6,1552040.0
15,21,2986733,7455,7455,5560.32,6675260.0
5,23,2990682,0,0,0.0,
19,5,2991500,10347,10676,17448.96,2356364.0
5,12,2991892,653,1010,99.52,192600.0
10,12,2994238,3099,3476,430.26,834600.0
15,6,2995338,892,892,1945.6,1031910.0
5,14,2996827,738,739,131.05,87000.0
13,15,2997761,1616,1958,2662.4,1438090.0
7,20,2998191,2347,2707,243.4,231550.0
15,3,3001782,3563,3564,2375.68,6610950.0
11,11,3002400,978,1349,202.01,267240.0
5,16,3003387,3108,3109,11.25,98370.0
15,20,3004209,4692,5098,2949.12,2732290.0
19,23,3004309,0,0,0.0,
9,19,3006433,1263,1675,442.65,515800.0
13,5,3006670,2499,2500,1413.12,205189.0
13,5,3008813,3077,3407,1413.12,205189.0
2,5,3009544,1956,2277,41.06,6619.0
13,6,3009815,254,255,1021.14,542190.0
15,3,3010258,3592,3593,2375.68,6610950.0
13,22,3010576,3853,3855,218.97,614420.0
5,9,3012010,2397,2398,200.62,383550.0
13,8,3013963,2268,2269,1955.84,2091880.0
5,1,3015602,142,142,110.61,448680.0
15,4,3018460,4175,4175,1474.56,3433210.0
13,4,3018839,2845,2846,770.67,1803890.0
13,10,3021329,414,416,1208.32,2948410.0
12,9,3021409,2339,2653,1597.44,2940550.0
11,21,3024197,4049,4470,1873.92,1923380.0
13,14,3028631,644,646,1433.66,899000.0
15,4,3029152,3641,3641,1474.56,3433210.0
5,15,3029191,1167,1537,251.44,139170.0
9,23,3030541,0,0,0.0,
15,19,3033423,6445,6446,2744.32,3043220.0
5,6,3033477,118,119,98.91,52470.0
11,16,3034383,2359,2360,48.77,557430.0
15,13,3035397,6790,7118,1198.08,8615180.0
13,20,3036068,5842,5844,1505.28,1435610.0
2,2,3036077,841,1198,10.0,55150.0
13,9,3036685,7440,7784,2109.44,3963350.0
15,8,3036801,6463,6815,3819.52,3981320.0
15,23,3037128,0,0,0.0,
15,22,3037180,5420,8109,425.06,1169380.0
19,20,3037310,6154,6514,19015.68,16486360.0
5,8,3039373,2840,2840,175.68,202440.0
15,2,3039524,629,3622,412.6,3253850.0
12,11,3041605,2305,2646,299.68,361560.0
5,19,3042600,1177,1178,129.23,154740.0
5,1,3045079,763,764,110.61,448680.0
7,11,3046582,1121,1487,65.49,78600.0
5,1,3046617,1120,1121,110.61,448680.0
5,2,3049388,454,454,39.35,165450.0
2,4,3064367,715,1107,24.68,58190.0
5,5,3066927,1141,1503,130.69,19857.0
5,2,3066991,391,715,39.35,165450.0
13,18,3068816,129,538,862.73,6376080.0
19,14,3068990,407,768,17254.4,10324000.0
11,23,3070902,0,0,0.0,
15,13,3073501,4050,4393,1198.08,8615180.0
15,20,3074499,4411,4810,2949.12,2732290.0
5,4,3075594,130,130,73.68,174570.0
15,12,3076482,3568,3945,1986.56,3787800.0
15,7,3077069,2481,3306,3120.15,3604310.0
5,21,3077591,3626,3626,263.47,339420.0
15,19,3082585,4802,4803,2744.32,3043220.0
12,13,3084150,2481,2904,462.14,3358460.0
19,11,3086246,6216,6608,3000.32,5596320.0
7,22,3086584,1560,1917,33.24,99100.0
19,18,3092691,11555,11885,10874.88,73222080.0
15,4,3096348,6734,6734,1474.56,3433210.0
5,6,3102854,182,554,98.91,52470.0
15,6,3107624,694,695,1945.6,1031910.0
7,5,3108040,1566,1936,225.31,33095.0
12,23,3109468,0,0,0.0,
15,3,3109688,2761,2761,2375.68,6610950.0
15,7,3117017,1766,1768,3120.15,3604310.0
13,1,3117052,3457,3832,1146.88,4636360.0
5,23,3117767,0,0,0.0,
5,1,3120041,821,1158,110.61,448680.0
15,13,3121283,5207,5207,1198.08,8615180.0
5,23,3121685,0,1,0.0,
11,21,3122927,6178,6547,1873.92,1923380.0
19,19,3123042,3589,3916,17059.84,18362480.0
15,11,3124328,4678,5038,499.78,927480.0
15,16,3126908,3310,3312,68.05,1934610.0
2,14,3127373,105,438,52.0,29000.0
13,8,3132807,4343,4755,1955.84,2091880.0
15,21,3132935,7063,7063,5560.32,6675260.0
15,6,3135712,901,901,1945.6,1031910.0
19,4,3138653,7070,7423,8806.4,20715640.0
11,21,3139384,4686,4686,1873.92,1923380.0
10,18,3143684,2473,2860,360.29,2673840.0
15,6,3143691,1981,1982,1945.6,1031910.0
2,9,3144058,1593,1945,71.45,127850.0
13,12,3144553,2166,2167,1034.24,1990200.0
13,13,3145284,3521,3911,623.2,4526620.0
15,20,3146536,4568,4569,2949.12,2732290.0
15,14,3146796,2706,3053,2775.04,1711000.0
13,14,3147098,866,867,1433.66,899000.0
9,11,3148921,919,1361,142.86,157200.0
15,10,3149595,260,589,2314.24,5611490.0
15,6,3149667,816,998,1945.6,1031910.0
15,10,3151167,305,306,2314.24,5611490.0
7,19,3154578,928,1303,217.76,257900.0
19,10,3158457,2569,2953,14151.68,33859160.0
13,11,3158806,1638,1639,266.54,487320.0
5,3,3163442,811,1196,117.33,336150.0
15,11,3164088,2038,2432,499.78,927480.0
15,16,3164882,3323,3730,68.05,1934610.0
15,10,3168943,342,342,2314.24,5611490.0
7,21,3171958,3662,4056,458.61,565700.0
13,22,3172453,2782,3106,218.97,614420.0
5,15,3172564,1010,1010,251.44,139170.0
13,20,3173790,3232,3602,1505.28,1435610.0
2,10,3173976,380,714,37.8,95110.0
13,17,3178835,2324,2325,1218.56,1315330.0
5,17,3178903,712,713,110.57,127290.0
14,1,3179100,4869,5233,1587.2,6431080.0
15,11,3180639,2322,2653,499.78,927480.0
5,6,3182326,120,120,98.91,52470.0
15,4,3184233,3916,3916,1474.56,3433210.0
19,17,3186901,2469,2808,14837.76,15105080.0
13,9,3187335,3767,3768,2109.44,3963350.0
19,11,3187736,2948,3348,3000.32,5596320.0
5,12,3189766,449,450,99.52,192600.0
15,6,3191713,805,805,1945.6,1031910.0
9,12,3192004,1099,1459,330.81,642000.0
15,15,3193014,2042,2043,5140.48,2737010.0
11,8,3195250,2037,2449,1167.36,1147160.0
15,18,3197803,3493,3494,1638.4,12135120.0
5,5,3204346,1224,1600,130.69,19857.0
12,22,3204938,2163,2522,161.05,455860.0
5,17,3213055,636,636,110.57,127290.0
7,22,3213523,1700,2088,33.24,99100.0
15,9,3214897,6274,6649,4096.0,7543150.0
15,5,3215232,3676,4002,2744.32,390521.0
5,18,3215825,108,108,83.54,617040.0
5,7,3218647,689,689,150.19,183270.0
15,14,3220145,1741,1741,2775.04,1711000.0
5,21,3220917,3362,3363,263.47,339420.0
12,21,3221755,4619,4965,2099.2,2602220.0
19,11,3227769,2916,3320,3000.32,5596320.0
5,23,3229543,0,0,0.0,
2,17,3230337,458,817,45.17,42430.0
19,14,3233600,324,325,17254.4,10324000.0
19,10,3243154,4272,4272,14151.68,33859160.0
11,19,3245843,2208,2534,764.9,876860.0
5,14,3246314,114,473,131.05,87000.0
5,16,3246567,2001,2334,11.25,98370.0
13,23,3246601,0,2,0.0,
2,8,3248929,728,1109,64.36,67480.0
13,12,3250339,128,522,1034.24,1990200.0
15,4,3251148,7914,8242,1474.56,3433210.0
11,23,3252015,0,0,0.0,
13,21,3252406,11852,11854,2856.96,3507340.0
15,14,3253039,5394,5780,2775.04,1711000.0
5,8,3253257,2007,2008,175.68,202440.0
15,16,3253279,4244,4583,68.05,1934610.0
5,11,3253764,481,481,42.57,47160.0
5,22,3253977,1352,1743,19.48,59460.0
5,11,3255842,744,744,42.57,47160.0
5,5,3256309,141,142,130.69,19857.0
5,10,3257475,1103,1103,113.55,285330.0
5,19,3260557,848,848,129.23,154740.0
12,3,3264535,2298,2676,920.39,2577150.0
19,19,3264976,2876,3240,17059.84,18362480.0
5,10,3267880,125,126,113.55,285330.0
15,12,3268974,3849,3850,1986.56,3787800.0
5,17,3272208,671,671,110.57,127290.0
7,14,3275352,583,946,220.66,145000.0
5,16,3277384,1774,1774,11.25,98370.0
5,3,3279751,765,765,117.33,336150.0
19,22,3284895,17643,18012,2775.04,7055920.0
12,17,3285433,4335,4702,894.38,975890.0
15,13,3285568,8404,8754,1198.08,8615180.0
2,14,3285638,589,941,52.0,29000.0
13,18,3285674,7885,8237,862.73,6376080.0
10,23,3290627,0,1,0.0,
15,9,3292291,6947,7363,4096.0,7543150.0
9,14,3292581,1809,2157,448.46,290000.0
11,7,3296998,2354,2714,987.98,1038530.0
5,15,3297622,1327,1724,251.44,139170.0
19,12,3307153,3725,3725,11960.32,22855200.0
2,22,3310145,1365,1695,6.29,19820.0
13,22,3313073,2469,2853,218.97,614420.0
7,5,3313552,1374,1751,225.31,33095.0
13,22,3315936,2775,2776,218.97,614420.0
5,16,3316529,1776,2140,11.25,98370.0
2,21,3316741,2736,2737,80.86,113140.0
5,5,3319648,1202,1202,130.69,19857.0
5,7,3319876,782,1144,150.19,183270.0
12,7,3321973,1269,1641,1187.84,1405070.0
5,15,3322980,148,149,251.44,139170.0
15,1,3326069,4964,5392,2170.88,8824040.0
5,5,3329299,1075,1075,130.69,19857.0
5,17,3329345,1104,1104,110.57,127290.0
19,4,3332320,5810,6230,8806.4,20715640.0
19,22,3332470,13087,13467,2775.04,7055920.0
11,18,3333015,120,500,472.1,3496560.0
5,23,3335448,0,0,0.0,
9,22,3339597,1736,2057,68.15,198200.0
13,5,3339979,2579,2949,1413.12,205189.0
13,10,3347328,217,219,1208.32,2948410.0
5,15,3348269,121,506,251.44,139170.0
15,6,3355395,927,1293,1945.6,1031910.0
5,21,3355760,3370,3371,263.47,339420.0
5,3,3357147,1028,1387,117.33,336150.0
5,10,3357208,796,1130,113.55,285330.0
11,4,3357374,1696,2026,416.85,989230.0
12,23,3358420,0,0,0.0,
2,1,3358833,300,656,36.89,149560.0
15,17,3359709,1573,1574,2375.68,2503370.0
5,5,3359869,1191,1191,130.69,19857.0
15,10,3362034,850,850,2314.24,5611490.0
15,21,3368061,10646,10647,5560.32,6675260.0
13,17,3372218,1242,1729,1218.56,1315330.0
13,9,3383793,3515,3517,2109.44,3963350.0
5,1,3394969,580,1074,110.61,448680.0
19,1,3395604,2707,3075,13117.44,53243360.0
2,22,3403932,1175,1583,6.29,19820.0
11,1,3405188,1715,2114,626.31,2542520.0
13,8,3411837,1403,1811,1955.84,2091880.0
13,10,3412803,133,610,1208.32,2948410.0
19,13,3420284,24296,24742,7413.76,51983120.0
5,21,3421421,3482,3901,263.47,339420.0
5,8,3422032,1433,1808,175.68,202440.0
15,19,3424840,6437,6809,2744.32,3043220.0
5,11,3426395,556,557,42.57,47160.0
15,23,3427397,0,1,0.0,
9,15,3428906,2957,3357,941.18,463900.0
5,19,3429683,1965,1966,129.23,154740.0
5,3,3429722,1208,1208,117.33,336150.0
5,21,3429768,3778,4112,263.47,339420.0
5,22,3429894,2048,3084,19.48,59460.0
10,23,3430400,0,2,0.0,
5,9,3434594,1370,1370,200.62,383550.0
11,13,3435216,2504,2880,340.48,2482340.0
5,21,3435738,4001,4001,263.47,339420.0
13,23,3436316,0,1,0.0,
15,20,3437630,5391,5392,2949.12,2732290.0
2,19,3438436,894,1303,51.4,51580.0
15,21,3441601,9929,10324,5560.32,6675260.0
19,18,3445426,12728,12729,10874.88,73222080.0
13,18,3450655,6616,7008,862.73,6376080.0
15,15,3459110,1929,1929,5140.48,2737010.0
13,20,3464598,3003,3004,1505.28,1435610.0
13,19,3466509,2358,2824,1413.12,1598980.0
11,21,3470288,4655,5054,1873.92,1923380.0
13,10,3470985,116,117,1208.32,2948410.0
2,8,3473723,852,1240,64.36,67480.0
15,10,3478277,234,655,2314.24,5611490.0
9,11,3478883,986,1335,142.86,157200.0
19,9,3480321,7006,7445,25948.16,45514600.0
5,10,3484299,428,813,113.55,285330.0
5,2,3484529,629,962,39.35,165450.0
15,15,3496910,1614,1952,5140.48,2737010.0
15,10,3497218,259,683,2314.24,5611490.0
13,16,3498701,2599,3001,35.82,1016490.0
15,23,3504712,0,0,0.0,
13,2,3505244,442,443,220.36,1709650.0
19,9,3506077,22882,23264,25948.16,45514600.0
13,14,3507410,1633,1634,1433.66,899000.0
5,7,3508496,2128,2514,150.19,183270.0
5,8,3513602,2836,2836,175.68,202440.0
2,8,3515012,2005,2395,64.36,67480.0
13,13,3517115,156,157,623.2,4526620.0
11,19,3528048,1815,2246,764.9,876860.0
13,20,3543073,4407,4853,1505.28,1435610.0
13,16,3543911,3056,3444,35.82,1016490.0
2,1,3546489,307,677,36.89,149560.0
19,4,3547515,5155,5481,8806.4,20715640.0
15,19,3548668,4718,5129,2744.32,3043220.0
5,16,3549770,1755,2171,11.25,98370.0
5,21,3550589,123,526,263.47,339420.0
13,6,3554086,271,272,1021.14,542190.0
5,11,3554314,479,479,42.57,47160.0
13,3,3555717,2031,2032,1239.04,3473550.0
15,18,3555790,110,111,1638.4,12135120.0
11,9,3556362,2269,2675,1280.0,2173450.0
13,19,3557708,2643,3074,1413.12,1598980.0
15,3,3575196,2702,3072,2375.68,6610950.0
2,3,3581472,808,1211,38.94,112050.0
13,15,3582645,1193,1583,2662.4,1438090.0
13,14,3583257,973,1381,1433.66,899000.0
5,9,3585871,1453,1882,200.62,383550.0
5,13,3586041,135,523,58.1,438060.0
15,12,3586313,3956,3957,1986.56,3787800.0
19,17,3587539,2081,2472,14837.76,15105080.0
5,20,3592053,1417,1418,142.84,138930.0
13,11,3594373,1516,1518,266.54,487320.0
13,12,3595224,1012,1391,1034.24,1990200.0
11,10,3599069,234,623,652.68,1616870.0
5,1,3599382,571,571,110.61,448680.0
15,10,3603268,301,723,2314.24,5611490.0
