database_id,scale_factor,query_id,start,cpu_time,data_scanned
9,10,2,317,12133.0,430.0
9,10,3,423,24651.0,1674.4199999999998
9,10,20,452,10188.2,2310.82
9,10,4,532,12801.8,1061.24
9,10,2,621,12133.0,430.0
9,10,20,1051,10188.2,2310.82
9,10,3,1142,24651.0,1674.4199999999998
9,10,3,1566,24651.0,1674.4199999999998
9,10,4,1707,12801.8,1061.24
9,10,16,1917,7213.8,147.06
9,10,14,2285,6380.0,2236.0
9,10,22,2436,4360.4,270.47
9,10,19,2597,11347.6,2210.2
9,10,15,2862,10205.8,3404.7400000000002
9,10,18,3031,45249.6,1143.8
9,10,17,3682,9334.6,1942.3100000000002
9,10,12,4079,14124.0,1427.1699999999998
9,10,11,4605,3458.4,523.74
9,10,9,5957,28127.0,3072.35
9,10,11,6475,3458.4,523.74
9,10,6,8272,3847.7999999999997,1418.1399999999999
9,10,18,8598,45249.6,1143.8
9,10,14,9230,6380.0,2236.0
9,10,17,9572,9334.6,1942.3100000000002
9,10,22,10371,4360.4,270.47
9,10,3,10937,24651.0,1674.4199999999998
9,10,10,11698,20924.2,1625.3999999999999
9,10,15,12154,10205.8,3404.7400000000002
9,10,19,12734,11347.6,2210.2
9,10,14,14067,6380.0,2236.0
9,10,10,14690,20924.2,1625.3999999999999
9,10,20,15169,10188.2,2310.82
9,10,8,15973,14845.6,2767.48
9,10,1,16430,9334.6,1586.27
9,10,11,16694,3458.4,523.74
9,10,14,17121,6380.0,2236.0
9,10,2,17390,12133.0,430.0
9,10,15,17619,10205.8,3404.7400000000002
9,10,14,18445,6380.0,2236.0
9,10,2,19077,12133.0,430.0
9,10,16,19344,7213.8,147.06
9,10,3,19527,24651.0,1674.4199999999998
9,10,22,19947,4360.4,270.47
9,10,10,20396,20924.2,1625.3999999999999
9,10,18,20978,45249.6,1143.8
9,10,11,21740,3458.4,523.74
9,10,18,22178,45249.6,1143.8
9,10,2,23188,12133.0,430.0
9,10,15,24971,10205.8,3404.7400000000002
9,10,15,25555,10205.8,3404.7400000000002
9,10,11,26137,3458.4,523.74
9,10,18,26385,45249.6,1143.8
9,10,19,27123,11347.6,2210.2
9,10,19,27343,11347.6,2210.2
9,10,10,27812,20924.2,1625.3999999999999
9,10,10,28670,20924.2,1625.3999999999999
9,10,16,30431,7213.8,147.06
9,10,8,30829,14845.6,2767.48
9,10,17,31752,9334.6,1942.3100000000002
9,10,12,32406,14124.0,1427.1699999999998
9,10,19,33193,11347.6,2210.2
9,10,14,33682,6380.0,2236.0
9,10,10,34778,20924.2,1625.3999999999999
9,10,8,36004,14845.6,2767.48
9,10,8,36537,14845.6,2767.48
9,10,8,37192,14845.6,2767.48
9,10,19,37415,11347.6,2210.2
9,10,10,37750,20924.2,1625.3999999999999
9,10,20,37990,10188.2,2310.82
9,10,1,38976,9334.6,1586.27
9,10,12,39541,14124.0,1427.1699999999998
9,10,20,40778,10188.2,2310.82
9,10,15,41972,10205.8,3404.7400000000002
9,10,16,42670,7213.8,147.06
9,10,16,42890,7213.8,147.06
9,10,15,43317,10205.8,3404.7400000000002
9,10,12,43570,14124.0,1427.1699999999998
9,10,12,43783,14124.0,1427.1699999999998
9,10,8,43893,14845.6,2767.48
9,10,18,44218,45249.6,1143.8
9,10,8,44770,14845.6,2767.48
9,10,8,45743,14845.6,2767.48
9,10,12,46710,14124.0,1427.1699999999998
9,10,19,48644,11347.6,2210.2
9,10,15,49140,10205.8,3404.7400000000002
9,10,9,50469,28127.0,3072.35
9,10,18,50900,45249.6,1143.8
9,10,14,51598,6380.0,2236.0
9,10,12,52102,14124.0,1427.1699999999998
9,10,1,52518,9334.6,1586.27
9,10,2,52997,12133.0,430.0
9,10,11,54595,3458.4,523.74
9,10,19,55496,11347.6,2210.2
9,10,19,55863,11347.6,2210.2
9,10,18,56532,45249.6,1143.8
9,10,15,56988,10205.8,3404.7400000000002
9,10,3,57662,24651.0,1674.4199999999998
9,10,3,59086,24651.0,1674.4199999999998
9,10,11,60097,3458.4,523.74
9,10,19,60950,11347.6,2210.2
9,10,22,62205,4360.4,270.47
9,10,18,62329,45249.6,1143.8
9,10,1,63829,9334.6,1586.27
9,10,10,64693,20924.2,1625.3999999999999
9,10,1,65408,9334.6,1586.27
9,10,22,66149,4360.4,270.47
9,10,18,67415,45249.6,1143.8
9,10,4,68295,12801.8,1061.24
9,10,14,68723,6380.0,2236.0
9,10,4,70194,12801.8,1061.24
9,10,22,71195,4360.4,270.47
9,10,8,71737,14845.6,2767.48
9,10,3,72537,24651.0,1674.4199999999998
9,10,11,73289,3458.4,523.74
9,10,16,73939,7213.8,147.06
9,10,9,74510,28127.0,3072.35
9,10,8,74910,14845.6,2767.48
9,10,11,75732,3458.4,523.74
9,10,19,76754,11347.6,2210.2
9,10,15,77142,10205.8,3404.7400000000002
9,10,1,77538,9334.6,1586.27
9,10,3,78181,24651.0,1674.4199999999998
9,10,11,78382,3458.4,523.74
9,10,11,79363,3458.4,523.74
9,10,20,80051,10188.2,2310.82
9,10,19,80882,11347.6,2210.2
9,10,1,82816,9334.6,1586.27
9,10,18,83256,45249.6,1143.8
9,10,14,83835,6380.0,2236.0
9,10,2,84201,12133.0,430.0
9,10,6,85405,3847.7999999999997,1418.1399999999999
9,10,8,85962,14845.6,2767.48
9,10,9,86348,28127.0,3072.35
9,10,8,86529,14845.6,2767.48
9,10,6,87217,3847.7999999999997,1418.1399999999999
9,10,6,87840,3847.7999999999997,1418.1399999999999
9,10,14,88071,6380.0,2236.0
9,10,14,88616,6380.0,2236.0
9,10,9,89365,28127.0,3072.35
9,10,11,90380,3458.4,523.74
9,10,4,90699,12801.8,1061.24
9,10,18,91542,45249.6,1143.8
9,10,8,91888,14845.6,2767.48
9,10,9,92274,28127.0,3072.35
9,10,18,92652,45249.6,1143.8
9,10,2,94237,12133.0,430.0
9,10,11,94653,3458.4,523.74
9,10,8,95926,14845.6,2767.48
9,10,10,98056,20924.2,1625.3999999999999
9,10,3,99210,24651.0,1674.4199999999998
9,10,2,101445,12133.0,430.0
9,10,12,101905,14124.0,1427.1699999999998
9,10,19,102384,11347.6,2210.2
9,10,18,103067,45249.6,1143.8
9,10,17,105161,9334.6,1942.3100000000002
9,10,18,105549,45249.6,1143.8
9,10,1,107194,9334.6,1586.27
9,10,9,108712,28127.0,3072.35
9,10,2,109202,12133.0,430.0
9,10,9,110047,28127.0,3072.35
9,10,11,112470,3458.4,523.74
9,10,8,113127,14845.6,2767.48
9,10,16,114119,7213.8,147.06
9,10,17,116458,9334.6,1942.3100000000002
9,10,16,117097,7213.8,147.06
9,10,4,117864,12801.8,1061.24
9,10,22,119186,4360.4,270.47
9,10,15,120685,10205.8,3404.7400000000002
9,10,16,120895,7213.8,147.06
9,10,18,121288,45249.6,1143.8
9,10,4,122234,12801.8,1061.24
9,10,3,122686,24651.0,1674.4199999999998
9,10,8,125578,14845.6,2767.48
9,10,10,126909,20924.2,1625.3999999999999
9,10,11,127800,3458.4,523.74
9,10,17,128736,9334.6,1942.3100000000002
9,10,12,130116,14124.0,1427.1699999999998
9,10,22,130340,4360.4,270.47
9,10,10,130559,20924.2,1625.3999999999999
9,10,16,130998,7213.8,147.06
9,10,2,131529,12133.0,430.0
9,10,18,131865,45249.6,1143.8
9,10,3,132364,24651.0,1674.4199999999998
9,10,2,132817,12133.0,430.0
9,10,20,133463,10188.2,2310.82
9,10,11,133811,3458.4,523.74
9,10,12,133918,14124.0,1427.1699999999998
9,10,9,134155,28127.0,3072.35
9,10,3,134684,24651.0,1674.4199999999998
9,10,19,135723,11347.6,2210.2
9,10,14,135923,6380.0,2236.0
9,10,8,136532,14845.6,2767.48
9,10,12,136795,14124.0,1427.1699999999998
9,10,9,137553,28127.0,3072.35
9,10,6,137842,3847.7999999999997,1418.1399999999999
9,10,20,138014,10188.2,2310.82
9,10,8,138392,14845.6,2767.48
9,10,18,138691,45249.6,1143.8
9,10,18,138841,45249.6,1143.8
9,10,18,139373,45249.6,1143.8
9,10,12,139925,14124.0,1427.1699999999998
9,10,3,140558,24651.0,1674.4199999999998
9,10,4,141231,12801.8,1061.24
9,10,22,143568,4360.4,270.47
9,10,4,143988,12801.8,1061.24
9,10,20,144059,10188.2,2310.82
9,10,4,144833,12801.8,1061.24
9,10,19,145818,11347.6,2210.2
9,10,22,148495,4360.4,270.47
9,10,4,149279,12801.8,1061.24
9,10,17,149527,9334.6,1942.3100000000002
9,10,14,151505,6380.0,2236.0
9,10,10,152645,20924.2,1625.3999999999999
9,10,1,153126,9334.6,1586.27
9,10,12,153751,14124.0,1427.1699999999998
9,10,8,154079,14845.6,2767.48
9,10,10,154368,20924.2,1625.3999999999999
9,10,11,155032,3458.4,523.74
9,10,17,155485,9334.6,1942.3100000000002
9,10,17,155671,9334.6,1942.3100000000002
9,10,3,156976,24651.0,1674.4199999999998
9,10,9,157964,28127.0,3072.35
9,10,8,158459,14845.6,2767.48
9,10,6,158563,3847.7999999999997,1418.1399999999999
9,10,14,159194,6380.0,2236.0
9,10,14,161035,6380.0,2236.0
9,10,15,162143,10205.8,3404.7400000000002
9,10,15,162721,10205.8,3404.7400000000002
9,10,12,164208,14124.0,1427.1699999999998
9,10,4,165216,12801.8,1061.24
9,10,8,166555,14845.6,2767.48
9,10,22,167627,4360.4,270.47
9,10,8,168057,14845.6,2767.48
9,10,20,168350,10188.2,2310.82
9,10,20,169204,10188.2,2310.82
9,10,16,170095,7213.8,147.06
9,10,1,171504,9334.6,1586.27
9,10,14,171998,6380.0,2236.0
9,10,6,172691,3847.7999999999997,1418.1399999999999
9,10,11,173593,3458.4,523.74
9,10,22,174185,4360.4,270.47
9,10,12,174583,14124.0,1427.1699999999998
9,10,1,175504,9334.6,1586.27
9,10,19,175990,11347.6,2210.2
9,10,3,177096,24651.0,1674.4199999999998
9,10,22,178358,4360.4,270.47
9,10,10,179351,20924.2,1625.3999999999999
9,10,14,179838,6380.0,2236.0
9,10,4,180449,12801.8,1061.24
9,10,16,181288,7213.8,147.06
9,10,14,181732,6380.0,2236.0
9,10,3,183983,24651.0,1674.4199999999998
9,10,3,185241,24651.0,1674.4199999999998
9,10,17,186910,9334.6,1942.3100000000002
9,10,4,187482,12801.8,1061.24
9,10,11,188042,3458.4,523.74
9,10,15,188795,10205.8,3404.7400000000002
9,10,6,189272,3847.7999999999997,1418.1399999999999
9,10,1,190113,9334.6,1586.27
9,10,9,190348,28127.0,3072.35
9,10,14,191145,6380.0,2236.0
9,10,2,191542,12133.0,430.0
9,10,15,192955,10205.8,3404.7400000000002
9,10,2,193879,12133.0,430.0
9,10,14,194779,6380.0,2236.0
9,10,9,195947,28127.0,3072.35
9,10,22,196136,4360.4,270.47
9,10,15,197421,10205.8,3404.7400000000002
9,10,11,198190,3458.4,523.74
9,10,1,199199,9334.6,1586.27
9,10,20,200224,10188.2,2310.82
9,10,6,201190,3847.7999999999997,1418.1399999999999
9,10,3,202644,24651.0,1674.4199999999998
9,10,3,203448,24651.0,1674.4199999999998
9,10,2,204751,12133.0,430.0
9,10,22,206352,4360.4,270.47
9,10,9,207399,28127.0,3072.35
9,10,8,208869,14845.6,2767.48
9,10,8,210292,14845.6,2767.48
9,10,17,210722,9334.6,1942.3100000000002
9,10,11,211700,3458.4,523.74
9,10,22,213640,4360.4,270.47
9,10,3,214281,24651.0,1674.4199999999998
9,10,12,215158,14124.0,1427.1699999999998
9,10,4,215638,12801.8,1061.24
9,10,18,777846,45249.6,1143.8
9,10,12,778262,14124.0,1427.1699999999998
9,10,15,778492,10205.8,3404.7400000000002
9,10,22,779127,4360.4,270.47
9,10,15,779668,10205.8,3404.7400000000002
9,10,16,779957,7213.8,147.06
9,10,20,780193,10188.2,2310.82
9,10,2,780538,12133.0,430.0
9,10,14,781051,6380.0,2236.0
9,10,9,781477,28127.0,3072.35
9,10,19,781522,11347.6,2210.2
9,10,12,782215,14124.0,1427.1699999999998
9,10,11,782537,3458.4,523.74
9,10,11,783515,3458.4,523.74
9,10,22,783715,4360.4,270.47
9,10,10,783806,20924.2,1625.3999999999999
9,10,12,784149,14124.0,1427.1699999999998
9,10,11,784552,3458.4,523.74
9,10,22,785595,4360.4,270.47
9,10,19,785725,11347.6,2210.2
9,10,11,785872,3458.4,523.74
9,10,10,786031,20924.2,1625.3999999999999
9,10,10,786196,20924.2,1625.3999999999999
9,10,12,786583,14124.0,1427.1699999999998
9,10,20,787463,10188.2,2310.82
9,10,20,788122,10188.2,2310.82
9,10,12,788364,14124.0,1427.1699999999998
9,10,10,788652,20924.2,1625.3999999999999
9,10,14,789020,6380.0,2236.0
9,10,20,789529,10188.2,2310.82
9,10,22,790105,4360.4,270.47
9,10,2,790338,12133.0,430.0
9,10,16,790698,7213.8,147.06
9,10,22,790967,4360.4,270.47
9,10,11,791010,3458.4,523.74
9,10,4,791297,12801.8,1061.24
9,10,16,791475,7213.8,147.06
9,10,16,791572,7213.8,147.06
9,10,17,791787,9334.6,1942.3100000000002
9,10,2,792206,12133.0,430.0
9,10,8,792241,14845.6,2767.48
9,10,6,792508,3847.7999999999997,1418.1399999999999
9,10,2,792980,12133.0,430.0
9,10,19,793043,11347.6,2210.2
9,10,12,793262,14124.0,1427.1699999999998
9,10,8,793623,14845.6,2767.48
9,10,15,793911,10205.8,3404.7400000000002
9,10,3,794077,24651.0,1674.4199999999998
9,10,8,794547,14845.6,2767.48
9,10,16,795124,7213.8,147.06
9,10,11,795786,3458.4,523.74
9,10,19,796453,11347.6,2210.2
9,10,9,797328,28127.0,3072.35
9,10,15,797524,10205.8,3404.7400000000002
9,10,8,798102,14845.6,2767.48
9,10,4,798444,12801.8,1061.24
9,10,3,798947,24651.0,1674.4199999999998
9,10,22,799170,4360.4,270.47
9,10,14,799558,6380.0,2236.0
9,10,3,800024,24651.0,1674.4199999999998
9,10,8,800574,14845.6,2767.48
9,10,2,801088,12133.0,430.0
9,10,6,801701,3847.7999999999997,1418.1399999999999
9,10,16,801804,7213.8,147.06
9,10,4,801998,12801.8,1061.24
9,10,20,802751,10188.2,2310.82
9,10,10,803332,20924.2,1625.3999999999999
9,10,16,803789,7213.8,147.06
9,10,9,804204,28127.0,3072.35
9,10,10,804481,20924.2,1625.3999999999999
9,10,11,804777,3458.4,523.74
9,10,20,805124,10188.2,2310.82
9,10,18,806182,45249.6,1143.8
9,10,9,806599,28127.0,3072.35
9,10,3,806985,24651.0,1674.4199999999998
9,10,9,807109,28127.0,3072.35
9,10,20,807583,10188.2,2310.82
9,10,20,808044,10188.2,2310.82
9,10,16,808296,7213.8,147.06
9,10,15,808469,10205.8,3404.7400000000002
9,10,8,808654,14845.6,2767.48
9,10,8,809331,14845.6,2767.48
9,10,20,809872,10188.2,2310.82
9,10,15,810485,10205.8,3404.7400000000002
9,10,3,810967,24651.0,1674.4199999999998
9,10,15,811478,10205.8,3404.7400000000002
9,10,11,811995,3458.4,523.74
9,10,16,812084,7213.8,147.06
9,10,1,812646,9334.6,1586.27
9,10,4,813468,12801.8,1061.24
9,10,1,813974,9334.6,1586.27
9,10,18,814327,45249.6,1143.8
9,10,18,814692,45249.6,1143.8
9,10,15,815049,10205.8,3404.7400000000002
9,10,1,815373,9334.6,1586.27
9,10,22,815577,4360.4,270.47
9,10,18,816073,45249.6,1143.8
9,10,6,816324,3847.7999999999997,1418.1399999999999
9,10,4,816644,12801.8,1061.24
9,10,19,816828,11347.6,2210.2
9,10,18,817412,45249.6,1143.8
9,10,19,817824,11347.6,2210.2
9,10,6,821062,3847.7999999999997,1418.1399999999999
9,10,14,821276,6380.0,2236.0
9,10,17,821569,9334.6,1942.3100000000002
9,10,1,821806,9334.6,1586.27
9,10,4,821899,12801.8,1061.24
9,10,2,822185,12133.0,430.0
9,10,10,822511,20924.2,1625.3999999999999
9,10,18,823186,45249.6,1143.8
9,10,15,823614,10205.8,3404.7400000000002
9,10,20,823881,10188.2,2310.82
9,10,11,824228,3458.4,523.74
9,10,20,824534,10188.2,2310.82
9,10,18,824859,45249.6,1143.8
9,10,19,825235,11347.6,2210.2
9,10,6,825663,3847.7999999999997,1418.1399999999999
9,10,18,826482,45249.6,1143.8
9,10,3,826954,24651.0,1674.4199999999998
9,10,9,827533,28127.0,3072.35
9,10,10,827597,20924.2,1625.3999999999999
9,10,3,828020,24651.0,1674.4199999999998
9,10,14,828844,6380.0,2236.0
9,10,12,829105,14124.0,1427.1699999999998
9,10,6,829385,3847.7999999999997,1418.1399999999999
9,10,15,829908,10205.8,3404.7400000000002
9,10,15,830472,10205.8,3404.7400000000002
9,10,20,831220,10188.2,2310.82
9,10,10,831917,20924.2,1625.3999999999999
9,10,4,832631,12801.8,1061.24
9,10,10,833301,20924.2,1625.3999999999999
9,10,9,833559,28127.0,3072.35
9,10,18,834367,45249.6,1143.8
9,10,18,834810,45249.6,1143.8
9,10,22,835106,4360.4,270.47
9,10,20,835310,10188.2,2310.82
9,10,8,835606,14845.6,2767.48
9,10,20,836303,10188.2,2310.82
9,10,22,836927,4360.4,270.47
9,10,15,839127,10205.8,3404.7400000000002
9,10,18,839267,45249.6,1143.8
9,10,17,839921,9334.6,1942.3100000000002
9,10,19,840755,11347.6,2210.2
9,10,2,841283,12133.0,430.0
9,10,22,841776,4360.4,270.47
9,10,16,842136,7213.8,147.06
9,10,15,842561,10205.8,3404.7400000000002
9,10,19,843390,11347.6,2210.2
9,10,3,843850,24651.0,1674.4199999999998
9,10,16,844177,7213.8,147.06
9,10,10,844307,20924.2,1625.3999999999999
9,10,18,844902,45249.6,1143.8
9,10,1,845303,9334.6,1586.27
9,10,3,846926,24651.0,1674.4199999999998
9,10,2,847156,12133.0,430.0
9,10,22,847721,4360.4,270.47
9,10,11,848179,3458.4,523.74
9,10,2,849278,12133.0,430.0
9,10,15,849810,10205.8,3404.7400000000002
9,10,2,850342,12133.0,430.0
9,10,22,851391,4360.4,270.47
9,10,11,851462,3458.4,523.74
9,10,10,851954,20924.2,1625.3999999999999
9,10,6,852258,3847.7999999999997,1418.1399999999999
9,10,9,852713,28127.0,3072.35
9,10,11,853354,3458.4,523.74
9,10,19,854180,11347.6,2210.2
9,10,15,854674,10205.8,3404.7400000000002
9,10,22,855300,4360.4,270.47
9,10,12,855678,14124.0,1427.1699999999998
9,10,20,856098,10188.2,2310.82
9,10,11,856340,3458.4,523.74
9,10,12,856505,14124.0,1427.1699999999998
9,10,16,856888,7213.8,147.06
9,10,14,857393,6380.0,2236.0
9,10,1,857978,9334.6,1586.27
9,10,19,858792,11347.6,2210.2
9,10,17,859265,9334.6,1942.3100000000002
9,10,22,859604,4360.4,270.47
9,10,14,859998,6380.0,2236.0
9,10,19,860520,11347.6,2210.2
9,10,20,860827,10188.2,2310.82
9,10,22,861249,4360.4,270.47
9,10,2,861669,12133.0,430.0
9,10,1,862825,9334.6,1586.27
9,10,10,863393,20924.2,1625.3999999999999
9,10,17,864011,9334.6,1942.3100000000002
9,10,4,864266,12801.8,1061.24
9,10,14,865484,6380.0,2236.0
9,10,12,865638,14124.0,1427.1699999999998
9,10,19,865924,11347.6,2210.2
9,10,9,866056,28127.0,3072.35
9,10,18,866306,45249.6,1143.8
9,10,4,866681,12801.8,1061.24
9,10,15,866927,10205.8,3404.7400000000002
9,10,14,867027,6380.0,2236.0
9,10,19,867248,11347.6,2210.2
9,10,22,867466,4360.4,270.47
9,10,3,867931,24651.0,1674.4199999999998
9,10,1,868113,9334.6,1586.27
9,10,14,868238,6380.0,2236.0
9,10,19,868742,11347.6,2210.2
9,10,11,869151,3458.4,523.74
9,10,19,869324,11347.6,2210.2
9,10,8,869533,14845.6,2767.48
9,10,17,869683,9334.6,1942.3100000000002
9,10,19,869995,11347.6,2210.2
9,10,19,870694,11347.6,2210.2
9,10,18,870889,45249.6,1143.8
9,10,10,871292,20924.2,1625.3999999999999
9,10,1,871770,9334.6,1586.27
9,10,4,872079,12801.8,1061.24
9,10,14,872381,6380.0,2236.0
9,10,11,872648,3458.4,523.74
9,10,18,873159,45249.6,1143.8
9,10,14,873401,6380.0,2236.0
9,10,20,874000,10188.2,2310.82
9,10,17,875106,9334.6,1942.3100000000002
9,10,12,875586,14124.0,1427.1699999999998
9,10,12,875773,14124.0,1427.1699999999998
9,10,11,876171,3458.4,523.74
9,10,1,876429,9334.6,1586.27
9,10,9,876846,28127.0,3072.35
9,10,12,877036,14124.0,1427.1699999999998
9,10,12,877209,14124.0,1427.1699999999998
9,10,6,877646,3847.7999999999997,1418.1399999999999
9,10,20,877852,10188.2,2310.82
9,10,19,878412,11347.6,2210.2
9,10,20,878845,10188.2,2310.82
9,10,4,879124,12801.8,1061.24
9,10,11,879343,3458.4,523.74
9,10,3,879890,24651.0,1674.4199999999998
9,10,11,880068,3458.4,523.74
9,10,20,880422,10188.2,2310.82
9,10,10,880851,20924.2,1625.3999999999999
9,10,15,881522,10205.8,3404.7400000000002
9,10,16,881847,7213.8,147.06
9,10,4,882491,12801.8,1061.24
9,10,12,882628,14124.0,1427.1699999999998
9,10,1,882665,9334.6,1586.27
9,10,16,883247,7213.8,147.06
9,10,9,884094,28127.0,3072.35
9,10,15,884483,10205.8,3404.7400000000002
9,10,19,884594,11347.6,2210.2
9,10,10,884876,20924.2,1625.3999999999999
9,10,20,885346,10188.2,2310.82
9,10,18,885609,45249.6,1143.8
9,10,14,886180,6380.0,2236.0
9,10,4,886316,12801.8,1061.24
9,10,20,886554,10188.2,2310.82
9,10,20,887027,10188.2,2310.82
9,10,11,887489,3458.4,523.74
9,10,17,887979,9334.6,1942.3100000000002
9,10,9,888321,28127.0,3072.35
9,10,10,888538,20924.2,1625.3999999999999
9,10,6,888833,3847.7999999999997,1418.1399999999999
9,10,15,889780,10205.8,3404.7400000000002
9,10,9,889905,28127.0,3072.35
9,10,11,890089,3458.4,523.74
9,10,2,890354,12133.0,430.0
9,10,20,890715,10188.2,2310.82
9,10,22,891156,4360.4,270.47
9,10,8,892061,14845.6,2767.48
9,10,12,892659,14124.0,1427.1699999999998
9,10,20,892950,10188.2,2310.82
9,10,17,893066,9334.6,1942.3100000000002
9,10,2,893401,12133.0,430.0
9,10,14,894098,6380.0,2236.0
9,10,20,895158,10188.2,2310.82
9,10,11,895377,3458.4,523.74
9,10,19,895923,11347.6,2210.2
9,10,15,896161,10205.8,3404.7400000000002
9,10,22,896237,4360.4,270.47
9,10,15,896751,10205.8,3404.7400000000002
9,10,8,897580,14845.6,2767.48
9,10,20,897720,10188.2,2310.82
9,10,8,898170,14845.6,2767.48
9,10,4,898979,12801.8,1061.24
9,10,8,899231,14845.6,2767.48
9,10,18,899317,45249.6,1143.8
9,10,18,899528,45249.6,1143.8
9,10,19,899919,11347.6,2210.2
9,10,3,900207,24651.0,1674.4199999999998
9,10,17,900550,9334.6,1942.3100000000002
9,10,3,900732,24651.0,1674.4199999999998
9,10,2,901367,12133.0,430.0
9,10,22,902079,4360.4,270.47
9,10,10,902718,20924.2,1625.3999999999999
9,10,6,903356,3847.7999999999997,1418.1399999999999
9,10,12,903811,14124.0,1427.1699999999998
9,10,3,904462,24651.0,1674.4199999999998
9,10,1,907770,9334.6,1586.27
9,10,22,908161,4360.4,270.47
9,10,11,908390,3458.4,523.74
9,10,18,908527,45249.6,1143.8
9,10,14,908692,6380.0,2236.0
9,10,6,909511,3847.7999999999997,1418.1399999999999
9,10,14,909995,6380.0,2236.0
9,10,1,910611,9334.6,1586.27
9,10,11,910963,3458.4,523.74
9,10,20,911162,10188.2,2310.82
9,10,4,911674,12801.8,1061.24
9,10,6,912092,3847.7999999999997,1418.1399999999999
9,10,9,912748,28127.0,3072.35
9,10,9,912837,28127.0,3072.35
9,10,10,913297,20924.2,1625.3999999999999
9,10,9,913779,28127.0,3072.35
9,10,20,914402,10188.2,2310.82
9,10,18,915121,45249.6,1143.8
9,10,10,915645,20924.2,1625.3999999999999
9,10,14,916076,6380.0,2236.0
9,10,22,916427,4360.4,270.47
9,10,22,916782,4360.4,270.47
9,10,22,917372,4360.4,270.47
9,10,9,917945,28127.0,3072.35
9,10,20,918728,10188.2,2310.82
9,10,2,918887,12133.0,430.0
9,10,3,919053,24651.0,1674.4199999999998
9,10,1,919465,9334.6,1586.27
9,10,4,919791,12801.8,1061.24
9,10,18,920699,45249.6,1143.8
9,10,2,921331,12133.0,430.0
9,10,15,921561,10205.8,3404.7400000000002
9,10,1,922092,9334.6,1586.27
9,10,16,922429,7213.8,147.06
9,10,18,922829,45249.6,1143.8
9,10,19,923081,11347.6,2210.2
9,10,10,923549,20924.2,1625.3999999999999
9,10,14,924121,6380.0,2236.0
9,10,3,924897,24651.0,1674.4199999999998
9,10,16,925391,7213.8,147.06
9,10,14,926070,6380.0,2236.0
9,10,1,926618,9334.6,1586.27
9,10,17,927914,9334.6,1942.3100000000002
9,10,15,928318,10205.8,3404.7400000000002
9,10,15,928879,10205.8,3404.7400000000002
9,10,15,929095,10205.8,3404.7400000000002
9,10,4,929905,12801.8,1061.24
9,10,4,930074,12801.8,1061.24
9,10,17,930451,9334.6,1942.3100000000002
9,10,2,930793,12133.0,430.0
9,10,9,931044,28127.0,3072.35
9,10,12,931673,14124.0,1427.1699999999998
9,10,4,931795,12801.8,1061.24
9,10,6,932494,3847.7999999999997,1418.1399999999999
9,10,19,932987,11347.6,2210.2
9,10,18,933874,45249.6,1143.8
9,10,12,934487,14124.0,1427.1699999999998
9,10,22,935174,4360.4,270.47
9,10,1,935400,9334.6,1586.27
9,10,22,935789,4360.4,270.47
9,10,17,936178,9334.6,1942.3100000000002
9,10,20,936674,10188.2,2310.82
9,10,2,936995,12133.0,430.0
9,10,18,938194,45249.6,1143.8
9,10,8,938448,14845.6,2767.48
9,10,14,938975,6380.0,2236.0
9,10,15,939118,10205.8,3404.7400000000002
9,10,18,939454,45249.6,1143.8
9,10,16,940549,7213.8,147.06
9,10,10,940919,20924.2,1625.3999999999999
9,10,6,941597,3847.7999999999997,1418.1399999999999
9,10,19,942225,11347.6,2210.2
9,10,22,943064,4360.4,270.47
9,10,10,943512,20924.2,1625.3999999999999
9,10,22,944042,4360.4,270.47
9,10,9,944744,28127.0,3072.35
9,10,11,944920,3458.4,523.74
9,10,10,945541,20924.2,1625.3999999999999
9,10,20,946209,10188.2,2310.82
9,10,16,946565,7213.8,147.06
9,10,14,947021,6380.0,2236.0
9,10,1,947283,9334.6,1586.27
9,10,4,948215,12801.8,1061.24
9,10,3,948949,24651.0,1674.4199999999998
9,10,20,949810,10188.2,2310.82
9,10,1,950416,9334.6,1586.27
9,10,2,950930,12133.0,430.0
9,10,3,950986,24651.0,1674.4199999999998
9,10,4,951098,12801.8,1061.24
9,10,6,951169,3847.7999999999997,1418.1399999999999
9,10,15,951336,10205.8,3404.7400000000002
9,10,8,951498,14845.6,2767.48
9,10,8,951770,14845.6,2767.48
9,10,18,951869,45249.6,1143.8
9,10,17,952047,9334.6,1942.3100000000002
9,10,16,952398,7213.8,147.06
9,10,19,952773,11347.6,2210.2
9,10,19,953098,11347.6,2210.2
9,10,16,953297,7213.8,147.06
9,10,14,953457,6380.0,2236.0
9,10,14,953571,6380.0,2236.0
9,10,9,953632,28127.0,3072.35
9,10,19,953973,11347.6,2210.2
9,10,22,954221,4360.4,270.47
9,10,16,954730,7213.8,147.06
9,10,17,954806,9334.6,1942.3100000000002
9,10,2,955231,12133.0,430.0
9,10,17,955747,9334.6,1942.3100000000002
9,10,2,956209,12133.0,430.0
9,10,11,956581,3458.4,523.74
9,10,22,957421,4360.4,270.47
9,10,15,957720,10205.8,3404.7400000000002
9,10,19,958327,11347.6,2210.2
9,10,6,958617,3847.7999999999997,1418.1399999999999
9,10,18,959494,45249.6,1143.8
9,10,15,959642,10205.8,3404.7400000000002
9,10,10,960244,20924.2,1625.3999999999999
9,10,14,960674,6380.0,2236.0
9,10,18,960864,45249.6,1143.8
9,10,12,961067,14124.0,1427.1699999999998
9,10,3,961902,24651.0,1674.4199999999998
9,10,22,962330,4360.4,270.47
9,10,10,962410,20924.2,1625.3999999999999
9,10,14,963024,6380.0,2236.0
9,10,11,963110,3458.4,523.74
9,10,17,963734,9334.6,1942.3100000000002
9,10,16,964387,7213.8,147.06
9,10,22,964846,4360.4,270.47
9,10,9,965057,28127.0,3072.35
9,10,20,965776,10188.2,2310.82
9,10,17,965902,9334.6,1942.3100000000002
9,10,17,966089,9334.6,1942.3100000000002
9,10,10,966569,20924.2,1625.3999999999999
9,10,3,966877,24651.0,1674.4199999999998
9,10,15,967264,10205.8,3404.7400000000002
9,10,17,967547,9334.6,1942.3100000000002
9,10,18,967928,45249.6,1143.8
9,10,6,968884,3847.7999999999997,1418.1399999999999
9,10,17,969425,9334.6,1942.3100000000002
9,10,18,969541,45249.6,1143.8
9,10,6,969941,3847.7999999999997,1418.1399999999999
9,10,18,970379,45249.6,1143.8
9,10,20,971213,10188.2,2310.82
9,10,3,971586,24651.0,1674.4199999999998
9,10,22,972403,4360.4,270.47
9,10,17,972712,9334.6,1942.3100000000002
9,10,19,972834,11347.6,2210.2
9,10,8,973828,14845.6,2767.48
9,10,9,974036,28127.0,3072.35
9,10,11,974206,3458.4,523.74
9,10,2,974484,12133.0,430.0
9,10,16,974988,7213.8,147.06
9,10,12,975448,14124.0,1427.1699999999998
9,10,12,976370,14124.0,1427.1699999999998
9,10,19,977009,11347.6,2210.2
9,10,8,977046,14845.6,2767.48
9,10,3,977749,24651.0,1674.4199999999998
9,10,16,978298,7213.8,147.06
9,10,1,978765,9334.6,1586.27
9,10,14,979528,6380.0,2236.0
9,10,15,979926,10205.8,3404.7400000000002
9,10,3,980147,24651.0,1674.4199999999998
9,10,15,980484,10205.8,3404.7400000000002
9,10,1,981015,9334.6,1586.27
9,10,8,981421,14845.6,2767.48
9,10,14,981536,6380.0,2236.0
9,10,9,981929,28127.0,3072.35
9,10,1,982191,9334.6,1586.27
9,10,19,982554,11347.6,2210.2
9,10,15,982917,10205.8,3404.7400000000002
9,10,9,983378,28127.0,3072.35
9,10,22,983577,4360.4,270.47
9,10,14,984415,6380.0,2236.0
9,10,6,984975,3847.7999999999997,1418.1399999999999
9,10,20,985290,10188.2,2310.82
9,10,11,985587,3458.4,523.74
9,10,8,985915,14845.6,2767.48
9,10,16,986567,7213.8,147.06
9,10,20,986784,10188.2,2310.82
9,10,18,987262,45249.6,1143.8
9,10,9,987560,28127.0,3072.35
9,10,3,987617,24651.0,1674.4199999999998
9,10,18,987986,45249.6,1143.8
9,10,19,988439,11347.6,2210.2
9,10,22,988761,4360.4,270.47
9,10,22,988881,4360.4,270.47
9,10,18,989357,45249.6,1143.8
9,10,8,990013,14845.6,2767.48
9,10,20,990315,10188.2,2310.82
9,10,18,990546,45249.6,1143.8
9,10,8,990713,14845.6,2767.48
9,10,14,991726,6380.0,2236.0
9,10,1,993247,9334.6,1586.27
9,10,18,993603,45249.6,1143.8
9,10,14,993809,6380.0,2236.0
9,10,9,994224,28127.0,3072.35
9,10,17,994341,9334.6,1942.3100000000002
9,10,20,994669,10188.2,2310.82
9,10,10,994851,20924.2,1625.3999999999999
9,10,3,995031,24651.0,1674.4199999999998
9,10,4,995135,12801.8,1061.24
9,10,3,995534,24651.0,1674.4199999999998
9,10,9,995689,28127.0,3072.35
9,10,6,996041,3847.7999999999997,1418.1399999999999
9,10,8,996222,14845.6,2767.48
9,10,1,996753,9334.6,1586.27
9,10,10,997308,20924.2,1625.3999999999999
9,10,16,997561,7213.8,147.06
9,10,14,997705,6380.0,2236.0
9,10,11,997978,3458.4,523.74
9,10,22,998300,4360.4,270.47
9,10,3,998542,24651.0,1674.4199999999998
9,10,8,999867,14845.6,2767.48
9,10,10,1000865,20924.2,1625.3999999999999
9,10,15,1001072,10205.8,3404.7400000000002
9,10,19,1001661,11347.6,2210.2
9,10,12,1002402,14124.0,1427.1699999999998
9,10,11,1002987,3458.4,523.74
9,10,16,1003201,7213.8,147.06
9,10,16,1003425,7213.8,147.06
9,10,4,1004303,12801.8,1061.24
9,10,10,1004503,20924.2,1625.3999999999999
9,10,1,1005325,9334.6,1586.27
9,10,16,1006098,7213.8,147.06
9,10,18,1006401,45249.6,1143.8
9,10,9,1007002,28127.0,3072.35
9,10,18,1007734,45249.6,1143.8
9,10,10,1008130,20924.2,1625.3999999999999
9,10,16,1008854,7213.8,147.06
9,10,6,1009855,3847.7999999999997,1418.1399999999999
9,10,10,1010463,20924.2,1625.3999999999999
9,10,12,1010783,14124.0,1427.1699999999998
9,10,15,1011501,10205.8,3404.7400000000002
9,10,22,1012243,4360.4,270.47
9,10,1,1013260,9334.6,1586.27
9,10,11,1013441,3458.4,523.74
9,10,6,1013464,3847.7999999999997,1418.1399999999999
9,10,18,1013802,45249.6,1143.8
9,10,14,1014262,6380.0,2236.0
9,10,15,1014916,10205.8,3404.7400000000002
9,10,20,1015801,10188.2,2310.82
9,10,6,1016513,3847.7999999999997,1418.1399999999999
9,10,2,1016811,12133.0,430.0
9,10,12,1017454,14124.0,1427.1699999999998
9,10,8,1018045,14845.6,2767.48
9,10,11,1018572,3458.4,523.74
9,10,19,1019240,11347.6,2210.2
9,10,20,1019678,10188.2,2310.82
9,10,20,1019956,10188.2,2310.82
9,10,17,1020484,9334.6,1942.3100000000002
9,10,15,1021096,10205.8,3404.7400000000002
9,10,6,1021433,3847.7999999999997,1418.1399999999999
9,10,12,1021799,14124.0,1427.1699999999998
9,10,15,1021991,10205.8,3404.7400000000002
9,10,1,1022505,9334.6,1586.27
9,10,8,1022861,14845.6,2767.48
9,10,17,1023838,9334.6,1942.3100000000002
9,10,8,1024454,14845.6,2767.48
9,10,8,1024675,14845.6,2767.48
9,10,8,1025124,14845.6,2767.48
9,10,9,1025309,28127.0,3072.35
9,10,18,1025791,45249.6,1143.8
9,10,1,1026083,9334.6,1586.27
9,10,2,1026426,12133.0,430.0
9,10,10,1027371,20924.2,1625.3999999999999
9,10,19,1027486,11347.6,2210.2
9,10,20,1027838,10188.2,2310.82
9,10,8,1027901,14845.6,2767.48
9,10,15,1028440,10205.8,3404.7400000000002
9,10,18,1028969,45249.6,1143.8
9,10,6,1029417,3847.7999999999997,1418.1399999999999
9,10,18,1030477,45249.6,1143.8
9,10,9,1030897,28127.0,3072.35
9,10,4,1031391,12801.8,1061.24
9,10,20,1032070,10188.2,2310.82
9,10,19,1033308,11347.6,2210.2
9,10,10,1033686,20924.2,1625.3999999999999
9,10,16,1033918,7213.8,147.06
9,10,2,1034096,12133.0,430.0
9,10,11,1034678,3458.4,523.74
9,10,11,1035211,3458.4,523.74
9,10,1,1035641,9334.6,1586.27
9,10,11,1036263,3458.4,523.74
9,10,16,1036610,7213.8,147.06
9,10,22,1037432,4360.4,270.47
9,10,3,1038527,24651.0,1674.4199999999998
9,10,6,1038887,3847.7999999999997,1418.1399999999999
9,10,9,1039249,28127.0,3072.35
9,10,12,1039308,14124.0,1427.1699999999998
9,10,2,1039770,12133.0,430.0
9,10,4,1040235,12801.8,1061.24
9,10,4,1040684,12801.8,1061.24
9,10,6,1040899,3847.7999999999997,1418.1399999999999
9,10,10,1041104,20924.2,1625.3999999999999
9,10,6,1042041,3847.7999999999997,1418.1399999999999
9,10,11,1042364,3458.4,523.74
9,10,9,1042508,28127.0,3072.35
9,10,18,1043195,45249.6,1143.8
9,10,1,1043467,9334.6,1586.27
9,10,8,1043720,14845.6,2767.48
9,10,19,1044205,11347.6,2210.2
9,10,2,1044549,12133.0,430.0
9,10,20,1045062,10188.2,2310.82
9,10,10,1045455,20924.2,1625.3999999999999
9,10,10,1046103,20924.2,1625.3999999999999
9,10,20,1047522,10188.2,2310.82
9,10,18,1047711,45249.6,1143.8
9,10,11,1048077,3458.4,523.74
9,10,10,1048326,20924.2,1625.3999999999999
9,10,16,1048796,7213.8,147.06
9,10,6,1048917,3847.7999999999997,1418.1399999999999
9,10,14,1049299,6380.0,2236.0
9,10,16,1050186,7213.8,147.06
9,10,18,1050230,45249.6,1143.8
9,10,20,1050539,10188.2,2310.82
9,10,16,1050806,7213.8,147.06
9,10,14,1051098,6380.0,2236.0
9,10,19,1052148,11347.6,2210.2
9,10,8,1052422,14845.6,2767.48
9,10,11,1052776,3458.4,523.74
9,10,16,1053103,7213.8,147.06
9,10,4,1053512,12801.8,1061.24
9,10,4,1054135,12801.8,1061.24
9,10,18,1054370,45249.6,1143.8
9,10,4,1054952,12801.8,1061.24
9,10,18,1055195,45249.6,1143.8
9,10,18,1055999,45249.6,1143.8
9,10,1,1056084,9334.6,1586.27
9,10,10,1056312,20924.2,1625.3999999999999
9,10,15,1056942,10205.8,3404.7400000000002
9,10,12,1057034,14124.0,1427.1699999999998
9,10,18,1057812,45249.6,1143.8
9,10,2,1058648,12133.0,430.0
9,10,9,1059120,28127.0,3072.35
9,10,11,1059399,3458.4,523.74
9,10,18,1059807,45249.6,1143.8
9,10,17,1061009,9334.6,1942.3100000000002
9,10,10,1061491,20924.2,1625.3999999999999
9,10,20,1061824,10188.2,2310.82
9,10,2,1062294,12133.0,430.0
9,10,2,1062726,12133.0,430.0
9,10,12,1063077,14124.0,1427.1699999999998
9,10,3,1063211,24651.0,1674.4199999999998
9,10,9,1063422,28127.0,3072.35
9,10,12,1063722,14124.0,1427.1699999999998
9,10,16,1063964,7213.8,147.06
9,10,8,1064172,14845.6,2767.48
9,10,17,1064632,9334.6,1942.3100000000002
9,10,16,1064816,7213.8,147.06
9,10,19,1065135,11347.6,2210.2
9,10,20,1065283,10188.2,2310.82
9,10,11,1065827,3458.4,523.74
9,10,10,1066315,20924.2,1625.3999999999999
9,10,18,1066601,45249.6,1143.8
9,10,12,1066969,14124.0,1427.1699999999998
9,10,19,1067159,11347.6,2210.2
9,10,9,1067682,28127.0,3072.35
9,10,17,1068317,9334.6,1942.3100000000002
9,10,20,1068903,10188.2,2310.82
9,10,15,1069185,10205.8,3404.7400000000002
9,10,15,1069733,10205.8,3404.7400000000002
9,10,22,1070091,4360.4,270.47
9,10,20,1070368,10188.2,2310.82
9,10,8,1070614,14845.6,2767.48
9,10,16,1071049,7213.8,147.06
9,10,16,1071782,7213.8,147.06
9,10,8,1072214,14845.6,2767.48
9,10,14,1072469,6380.0,2236.0
9,10,6,1072644,3847.7999999999997,1418.1399999999999
9,10,1,1073123,9334.6,1586.27
9,10,17,1073737,9334.6,1942.3100000000002
9,10,12,1074187,14124.0,1427.1699999999998
9,10,1,1074383,9334.6,1586.27
9,10,10,1074580,20924.2,1625.3999999999999
9,10,4,1075058,12801.8,1061.24
9,10,9,1075136,28127.0,3072.35
9,10,6,1075932,3847.7999999999997,1418.1399999999999
9,10,1,1076515,9334.6,1586.27
9,10,20,1077152,10188.2,2310.82
9,10,8,1077413,14845.6,2767.48
9,10,16,1077503,7213.8,147.06
9,10,11,1078515,3458.4,523.74
9,10,18,1079380,45249.6,1143.8
