query,size,min,max,runtime_s,exec_wallclock_s,total_cpu_sec,other_wallclock_s,total_scan_mb,scan_wallclock_s,shuffle_mb,shuffle_wallclock_s,io_time,cpu_time,shuffle_time,sum,max,multiwave,holder_norm,summed,cpu_only,powermean,max_offset,powermean_offset,multiwave_offset,type,short,complex,long,scans,aggs,joins,mem,ssd,net,cpu,factor,factor,io_acc,shuffle_acc,cpu_acc,0.3,offset_2,summed_re,cpu_only_re,powermean_re,max_offset_re,powermean_offset_re,multiwave_offset_re
1,15,7.35,13.47,11.18969093,10.27,64.97999675,71.8225,17974.17,10.26025,0.003,10.25575,8.987085,8.122499594,0.0000024,17.10958699,8.987085,13.58855537,13.68767008,1.665977312,1.234004266,1.323131,1.09873827,1.358184554,1.357291294,,0,0,0,1,1,0,4000,2000,1250,8,1.5,0.36,1.104786916,34.18555985,,0.3,0.3,0.665977312,-0.1740506725,0.3327818963,-0.08986514119,0.3678354503,0.3581845544
1,16,10.809,21.584,14.34632631,13.4332,83.2359964,93.9494,25896.169,13.421,0.003,13.414,12.9480845,10.40449955,0.0000024,23.35258645,12.9480845,18.58993201,18.68206964,1.738423194,1.266745303,1.383879642,1.009401466,1.410678916,1.406776147,,0,0,0,1,1,0,4000,2000,1250,8,1.5,0.36,1.013052113,44.71297563,,0.3,0.3,0.738423194,-0.1986645364,0.390738591,-0.009313901379,0.4175378644,0.4106789158
1,17,16.343,31.361,23.21906355,22.321,146.1439968,156.171,38083.075,22.3098,0.003,22.3022,19.0415375,18.2679996,0.0000024,37.3095395,19.0415375,29.61578151,29.84763208,1.671499462,1.208631172,1.326812487,1.150475832,1.342940796,1.35008167,,0,0,1,1,1,0,4000,2000,1250,8,1.5,0.36,1.153465695,74.34007195,,0.3,0.3,0.6714994624,-0.1654495946,0.3371995914,-0.1307944313,0.3533279011,0.3429407962
1,18,25.891,31.419,28.7646583,27.3792,191.9199964,184.2144,61539.921,26.3162,0.003,26.3114,30.7699605,23.98999955,0.0000024,54.75996245,30.7699605,43.62957652,43.80797044,2.000057067,1.131839624,1.593529998,1.136993064,1.606678666,1.575126322,,0,0,1,1,1,0,4000,2000,1250,8,1.5,0.36,1.180640081,87.70396503,,0.3,0.3,1.000057067,-0.1106387495,0.6000456712,0.1369930641,0.6131943388,0.6066786656
1,19,46.044,46.876,48.18128491,46.47075,321.464997,325.2265,106453.553,46.46075,0.003,46.4545,53.2267765,40.18312463,0.0000024,93.40990353,53.2267765,74.50090219,74.7279233,2.010079534,1.150746764,1.603178391,1.153129151,1.610925199,1.582106485,,0,0,1,1,1,0,4000,2000,1250,8,1.5,0.36,1.152085933,154.8470946,,0.3,0.3,1.010079534,-0.1275560514,0.6080636379,0.1531291511,0.6158104464,0.6109251991
2,15,1.601068508,2.089153678,1.732176134,0.66925,5,1.526,29.9245,0.22675,7.99425,0.27175,0.01496225,0.625,0.0063954,0.64635765,0.625,0.6269730833,0.6313954,1.035417466,1.232723198,1.067430194,1.471796787,1.474744988,1.230472675,2,1,1,0,10,2,9,4000,2000,1250,8,1.5,0.36,1.389028666,1.127489972,,0.3,0.3,-0.03420597684,0.4717967874,-0.05656271946,0.4717967874,0.4813528577,0.4747449881
2,16,1.865491093,2.700743428,2.109072309,1.041,9,2.29525,47.18375,0.3475,11.51,0.46875,0.023591875,1.125,0.009208,1.157799875,1.125,1.12783118,1.134208,1.112199688,1.272814601,1.083411316,1.426512968,1.429232642,1.248988946,2,0,1,0,10,2,9,4000,2000,1250,8,1.5,0.36,1.073883576,1.515969833,,0.3,0.3,0.1121996878,0.4265129683,0.08953698367,0.4265129683,0.4353583093,0.4292326419
2,17,2.452196253,5.359785974,3.465080201,2.433,15,5.969,71.023,0.8846666667,16.95933333,1.534666667,0.0355115,1.875,0.01356746667,1.924078967,1.875,1.879025327,1.888567467,1.264501116,1.17253012,1.294820227,1.088590604,1.086633532,1.02257967,2,0,1,0,10,2,9,4000,2000,1250,8,1.5,0.36,2.636770026,4.894215216,,0.3,0.3,-0.2091742841,-0.0813810111,-0.2237700507,-0.0813810111,-0.07580457597,-0.07972654061
2,18,3.592028866,4.383821788,3.943776152,2.2935,22,5.8415,134.0675,0.97875,27.4445,1.30875,0.06703375,2.75,0.0219556,2.83898935,2.75,2.758278854,2.7719556,1.237841443,1.286243732,1.20265047,1.356006104,1.359615807,1.083214522,2,0,1,0,10,2,9,4000,2000,1250,8,1.5,0.36,2.666648503,4.06500151,,0.3,0.3,0.2378414432,0.3560061042,0.2086137345,0.3560061042,0.3655790713,0.3596158071
2,19,6.64967646,7.355558827,6.968577278,5.675,35,15.883,251.9155,3.085,48.341,3.807,0.12595775,4.375,0.0386728,4.53963055,4.375,4.391656235,4.4136728,1.250101729,1.240437158,1.292223183,1.198521647,1.194320405,1.178383978,2,0,0,0,10,2,9,4000,2000,1250,8,1.5,0.36,7.242502337,11.24093816,,0.3,0.3,-0.2000651013,-0.1656387665,-0.2222602996,-0.1656387665,-0.1588241762,-0.1627037471
3,15,3.690251722,3.889135577,3.782776928,3.064666667,13.399986,26.005,7709.962333,2.167,13.502,0.04533333333,3.854981167,1.67499825,0.0108016,5.540781017,3.854981167,4.560109181,4.4852836,1.80795552,1.634490414,1.487962535,1.375347346,1.605430449,1.582245983,1,0,0,0,3,1,2,4000,2000,1250,8,1.5,0.36,1.917388633,6.855917647,,0.3,0.3,0.8079555199,-0.335980558,0.4635469654,0.3753473461,0.5810148793,0.6054304486
3,16,5.545669931,5.88833571,5.701441234,4.797,20.839984,43.421,9852.064,3.618333333,19.456,0.074,4.926032,2.604998,0.0155648,7.5465948,4.926032,6.119873311,6.0403888,1.573190494,1.710161647,1.275770963,1.101945383,1.350817868,1.322540826,1,0,0,0,3,1,2,4000,2000,1250,8,1.5,0.36,1.444320221,4.264389189,,0.3,0.3,0.5731904941,-0.3819057744,0.2592013342,0.1019453825,0.3342482385,0.3508178676
3,17,9.171215561,13.84882381,11.20053854,10.30075,33.98998025,98.701,16396.242,8.225,28.605,0.254,8.198121,4.248747531,0.022884,12.46975253,8.198121,10.1285178,9.980378825,1.210567437,2.315426966,1.01700468,1.203622851,1.018228556,1.024984538,1,0,0,0,3,1,2,4000,2000,1250,8,1.5,0.36,1.033206201,1.27119685,,0.3,0.3,0.2105674374,-0.5525813624,-0.03110173288,-0.169174963,0.003847178603,0.01822855575
3,18,23.54150199,24.04672535,23.78329891,22.316,86.20498375,230.077,23423.512,19.173,46.212,0.28125,11.711756,10.77562297,0.0369696,22.52434857,11.711756,17.85709869,18.02687278,1.009336286,2.033233108,1.249699091,1.84861258,1.22500297,1.21797787,1,0,0,1,3,1,2,4000,2000,1250,8,1.5,0.36,1.59618627,1.198114133,,0.3,0.3,0.009336286465,-0.5010027349,-0.1921996426,-0.4590537731,-0.1760677193,-0.1836754485
3,19,44,44.92930896,44.58060256,43.544,153.4449808,419.341,41688.428,34.945,81.448,0.532,20.844214,19.18062259,0.0651584,40.08999499,20.844214,31.78342091,32.08502768,1.086156284,2.246780246,1.370022444,2.053554072,1.354678462,1.327395141,1,0,0,1,3,1,2,4000,2000,1250,8,1.5,0.36,1.652697991,1.456901991,,0.3,0.3,-0.07932218001,-0.5512441991,-0.2631584679,-0.5130393625,-0.2548909683,-0.2618174512
4,15,3.427411638,3.571601151,3.512666047,2.617666667,14.43332267,29.843,955.709,2.489,0.001,2.484666667,0.4778545,1.804165333,0.0000008,2.282020633,1.804165333,1.964600832,1.825616667,1.147082821,1.306113135,1.332416552,1.209550225,1.126071466,1.056245021,2,0,0,0,2,2,1,4000,2000,1250,8,1.5,0.36,3.199827217,8.282200136,,0.3,0.3,-0.1282233669,-0.1732464026,-0.3025786324,-0.1732464026,-0.1650515726,-0.1119568959
4,16,7.399969184,7.876093245,7.672820256,6.754333333,23.16666067,76.52933333,1482.476,6.379666667,0.001,6.375,0.741238,2.895832583,0.0000008,3.637071383,2.895832583,3.140736074,2.909657267,1.857080222,2.181750192,2.150557441,2.074533368,1.929403757,1.740003767,2,0,0,0,2,2,1,4000,2000,1250,8,1.5,0.36,6.127001384,21.24994333,,0.3,0.3,-0.4615203005,-0.5179638874,-0.5692162167,-0.5179638874,-0.5159171001,-0.481705166
4,17,15.43928566,22.79401938,17.83205968,16.92675,110.529987,200.0005,12459.7695,16.6705,0.001,16.66275,6.22988475,13.81624838,0.0000008,20.04613393,13.81624838,16.48056274,16.0369073,1.184287233,1.207651973,1.027073545,1.194021828,1.005117837,1.016830355,2,0,0,0,2,2,1,4000,2000,1250,8,1.5,0.36,2.552954706,55.54235189,,0.3,0.3,0.1842872332,-0.1624943728,-0.05257020397,-0.1624943728,-0.03130209284,-0.005091778287
4,18,32.65764019,33.36722438,32.86826685,31.34525,198.054985,335.1775,20819.269,27.93775,0.001,27.925,10.4096345,24.75687313,0.0000008,35.16650843,24.75687313,29.07383724,28.1332069,1.121908692,1.255976654,1.078125661,1.247975807,1.064939299,1.109170093,2,0,0,1,2,2,1,4000,2000,1250,8,1.5,0.36,2.608655786,93.08308511,,0.3,0.3,0.1219086919,-0.198702415,-0.1024730414,-0.198702415,-0.09098804763,-0.06097934323
4,19,65.37365228,66.55335501,65.89596935,64.624,434.2466517,698.589,36691.398,58.22666667,0.001,58.20466667,18.345699,54.28083146,0.0000008,72.62653126,54.28083146,61.17654002,58.10122517,1.123832187,1.186178666,1.056352647,1.182705282,1.050172791,1.105614342,2,0,0,1,2,2,1,4000,2000,1250,8,1.5,0.36,3.122793448,194.0150382,,0.3,0.3,0.1238321871,-0.1544808205,-0.1009342479,-0.1544808205,-0.09536356204,-0.0477757487
5,15,2.049,1205.428,4.374566132,3.45475,13.91998175,26.047,1762.61225,2.89525,62.96925,3.064,0.881306125,1.739997719,0.0503754,2.671679244,1.739997719,2.1415133,2.147418475,1.293100588,1.780801063,1.613228365,1.645120835,1.381064015,1.199359537,3,0,0,0,6,1,5,4000,2000,1250,8,1.5,0.36,2.450888841,8.744906178,,0.3,0.3,-0.2266649559,-0.3921419151,-0.3784156668,-0.3921419151,-0.2742113105,-0.2759206022
5,16,5.222,3758.331,7.271743654,6.3425,25.41498175,48.86725,3573.42875,5.431,81.726,5.655,1.786714375,3.176872719,0.0653808,5.028967894,3.176872719,4.022426242,4.036250475,1.261193178,1.878217075,1.576784661,1.793250847,1.447257672,1.313478082,3,0,0,0,6,1,5,4000,2000,1250,8,1.5,0.36,2.602656149,15.47700372,,0.3,0.3,-0.2071000562,-0.4423535327,-0.3636183721,-0.4423535327,-0.3068584194,-0.3090380384
5,17,10.224,20827.45,10.86360816,9.94575,57.2249785,80.93575,16470.72025,8.99425,110.5605,9.359,8.235360125,7.153122313,0.0884484,15.47693084,8.235360125,12.23396326,12.39923435,1.556135117,1.35258868,1.230069453,1.157106841,1.266265818,1.279430751,3,0,0,0,6,1,5,4000,2000,1250,8,1.5,0.36,1.053763388,24.09329013,,0.3,0.3,0.5561351168,-0.2445896677,0.2466867104,-0.13577557,0.2828830757,0.2662658179
5,18,20.036,38085.679,23.14764348,21.77783333,132.6033062,161.328,32364.45433,17.927,175.4951667,18.52766667,16.18222717,16.57541327,0.1403961333,32.89803657,16.57541327,26.00757022,26.34650848,1.510620275,1.298199513,1.194222117,1.285934567,1.210752687,1.202995394,3,0,0,1,6,1,5,4000,2000,1250,8,1.5,0.36,1.087656408,42.07045717,,0.3,0.3,0.5106202746,-0.222355456,0.2097855687,-0.222355456,0.2263161387,0.2107526869
5,19,31.699,67217.214,36.74765754,35.1828,190.1559736,239.9128,54525.4332,26.659,290.2628,28.016,27.2627166,23.7694967,0.23221024,51.26442354,27.2627166,40.56345477,41.05798088,1.457087655,1.467815551,1.15293424,1.2736908,1.163166512,1.158114115,3,0,0,1,6,1,5,4000,2000,1250,8,1.5,0.36,1.033899118,52.6408511,,0.3,0.3,0.4570876548,-0.3141678121,0.1669901452,-0.2148800948,0.1772224178,0.1631665123
6,15,0.193,231.25,1.109188709,0.304,0.539997,0.5865,231.25,0.1955,0,0,0.115625,0.067499625,0,0.2,0.115625,0.1478559286,0.1464997,1.52,1.136450191,2.056055533,1.564555921,1.670578712,1.484418014,,1,0,0,1,1,0,4000,2000,1250,8,1.5,0.36,2.125959079,,,0.3,0.3,-0.3421052632,0.4062487664,-0.5180930921,0.5645559211,0.6661174342,0.6705787124
6,16,0.285,333.259,1.246962373,0.3396666667,0.419997,0.994,333.259,0.3313333333,0,0,0.1666295,0.052499625,0,0.219129125,0.1666295,0.1857374331,0.181466325,1.550075403,1.345216519,1.828746424,1.550430324,1.606685279,1.34844993,,1,0,0,1,1,0,4000,2000,1250,8,1.5,0.36,1.408338531,,,0.3,0.3,-0.3548700932,0.2144248037,-0.4657517419,0.5504303238,0.5941108685,0.606685279
6,17,2.759997,489.997,5.176856244,4.27775,21,12.8085,489.997,4.2695,0,0,0.2449985,2.625,0,2.8699985,2.625,2.674664524,2.625,1.490506005,1.514247788,1.599359457,1.433082077,1.409628632,1.254995453,,0,0,0,1,1,0,4000,2000,1250,8,1.5,0.36,7.833966516,,,0.3,0.3,-0.3290869032,-0.3022032611,-0.3863596517,-0.3022032611,-0.3022032611,-0.290593297
6,18,14.428,791.856,16.54450075,14.01,44,44.99925,791.856,14.99975,0,0,0.395928,5.5,0,5.895928,5.5,5.570593278,5.5,2.376216263,2.457894737,2.514992443,2.390784983,2.362326894,2.363500107,,0,0,0,1,1,0,4000,2000,1250,8,1.5,0.36,21.55359462,,,0.3,0.3,-0.5791628837,-0.5817273376,-0.6074232691,-0.5817273376,-0.5817273376,-0.5766885597
6,19,28.68,1395.797,30.64740231,26.77925,62,86.30475,1395.797,28.76825,0,0,0.6978985,7.75,0,8.4478985,7.75,7.888998176,7.75,3.169930368,3.368459119,3.394505792,3.302003699,3.246363913,3.313232682,,0,0,1,1,1,0,4000,2000,1250,8,1.5,0.36,28.82883379,,,0.3,0.3,-0.6845356573,-0.6971535797,-0.710596824,-0.6971535797,-0.6971535797,-0.6919630619
7,15,1.606,2290.045,3.334638099,2.403666667,8.473315333,14.63733333,2289.97,1.627666667,33.768,1.692,1.144985,1.059164417,0.0270144,2.231163817,1.144985,1.752334414,1.790333933,1.077315188,1.908937892,1.371694037,1.597136627,1.137919569,1.013464945,3,0,0,0,6,1,4,4000,2000,1250,8,1.5,0.36,1.126424611,5.174084077,,0.3,0.3,-0.07176654417,-0.4095835182,-0.2551654694,-0.3738794897,-0.1053942865,-0.121203267
7,16,3.393,6194.08,5.361581926,4.439333333,22.43331267,30.77833333,6194.08,3.421,48.66,3.5405,3.09704,2.804164083,0.038928,5.940132083,3.09704,4.689037883,4.759891267,1.338068498,1.477726652,1.056248209,1.284142889,1.137341466,1.167545578,3,0,0,0,6,1,4,4000,2000,1250,8,1.5,0.36,1.007053199,10.44617146,,0.3,0.3,0.3380684975,-0.2872434112,0.07220857486,-0.221270461,0.1533018321,0.1373414663
7,17,5.581,9144.574,11.01213024,10.0834,41.4399784,67.1728,9144.5698,7.4664,71.53,7.63825,4.5722849,5.1799973,0.057224,9.8095062,5.1799973,7.751184,7.85904976,1.027921263,1.874238859,1.300885129,1.82010919,1.243147733,1.176629094,3,0,0,0,6,1,4,4000,2000,1250,8,1.5,0.36,1.532422704,21.38224195,,0.3,0.3,-0.0271628419,-0.4505824127,-0.2205952595,-0.4505824127,-0.1848930162,-0.1955903763
7,18,21.543,14726.081,26.10339063,24.66575,90.804978,194.97425,14726.081,21.66625,115.55,22.013,7.3630405,11.35062225,0.09244,18.80610275,11.35062225,15.02648508,15.0633702,1.31158222,2.135447724,1.641485009,2.106271509,1.603078927,1.575970972,3,0,0,1,6,1,4,4000,2000,1250,8,1.5,0.36,2.827369893,56.09265111,,0.3,0.3,-0.2375620952,-0.5252274003,-0.3893001348,-0.5252274003,-0.3747049978,-0.376200396
7,19,41.55,25941.873,51.24961984,51.24525,177.6649723,380.34275,25941.873,42.266,203.582,43.491,12.9709365,22.20812153,0.1628656,35.34192363,22.20812153,28.41117996,28.30611203,1.449984741,2.286905216,1.803700166,2.270691866,1.781131329,1.719433242,3,0,0,1,6,1,4,4000,2000,1250,8,1.5,0.36,3.184854362,93.96032023,,0.3,0.3,-0.3103375702,-0.5596055921,-0.4476344242,-0.5596055921,-0.4406093828,-0.4385590867
8,15,1.612,907.084,3.129662231,2.172,21,11.50133333,907.084,1.644333333,18.552,1.6815,0.453542,2.625,0.0148416,3.0933836,2.625,2.749949885,2.6398416,1.424209761,1.300644567,1.266091107,1.374309392,1.431836964,1.322775844,2,0,0,0,8,1,7,4000,2000,1250,8,1.5,0.36,2.18213893,5.340780888,,0.3,0.3,0.4242097606,0.3743093923,0.2153966851,0.3743093923,0.3811425414,0.4318369636
8,16,6.099,535.107,8.226959738,7.312,45,94.07033333,535.107,6.274666667,30.064,6.4655,0.2675535,5.625,0.0240512,5.9166047,5.625,5.664879102,5.6490512,1.235843929,1.25527897,1.290760115,1.221720969,1.213634311,1.150776447,2,0,0,0,8,1,7,4000,2000,1250,8,1.5,0.36,11.0556391,19.95209399,,0.3,0.3,-0.1908363375,-0.1814824945,-0.2274273523,-0.1814824945,-0.1781932166,-0.1760285692
8,17,1.122,654.284,15.43991834,14.497,67,76.68825,654.282,12.575,39.235,1.293666667,0.327141,8.375,0.031388,8.733529,8.375,8.419326558,8.406388,1.659924642,1.690612245,1.721871684,1.659645106,1.651265607,1.558582032,2,0,0,0,8,1,7,4000,2000,1250,8,1.5,0.36,20.05131222,3.903782475,,0.3,0.3,-0.397563013,-0.3974615438,-0.4201291302,-0.3974615438,-0.3952964062,-0.3944039071
8,18,5.089,1599.994,26.74689645,25.26875,109,125.149,1599.9915,20.07,63.282,5.104,0.79999575,13.625,0.0506256,14.47562135,13.625,13.75597561,13.6756256,1.745607279,1.827757685,1.836928962,1.806846621,1.790081727,1.762490533,2,0,0,1,8,1,7,4000,2000,1250,8,1.5,0.36,18.24552504,14.55683784,,0.3,0.3,-0.4271334613,-0.4465495919,-0.4587929518,-0.4465495919,-0.4445461054,-0.4413662881
8,19,37.287,5339.182,49.09279452,47.736,192,263.61,5339.17925,37.648,111.56,39.05,2.669589625,24,0.089248,26.75883763,24,24.59354075,24.089248,1.783933991,1.972561983,1.940997455,1.959605911,1.912995052,1.918493053,2,0,0,1,8,1,7,4000,2000,1250,8,1.5,0.36,12.67784602,100.3216458,,0.3,0.3,-0.4394411424,-0.4896933132,-0.4953651751,-0.4896933132,-0.487823697,-0.4772594949
9,15,2.582,2696.462,6.902793461,5.998,29.91997,30.021,2696.462,3.272666667,70.471,2.6045,1.348231,3.73999625,0.0563768,5.14460405,3.73999625,4.266175525,4.1269586,1.165881755,1.522336474,1.40594309,1.462928167,1.296535328,1.226736138,,0,0,0,6,1,5,4000,2000,1250,8,1.5,0.36,1.985563108,7.30827596,,0.3,0.3,-0.142280085,-0.3164394381,-0.3119442147,-0.3164394381,-0.2519242081,-0.2287136505
9,16,3.297,3834.555,11.27035653,10.365,53.48663367,56.87533333,3834.555,6.896333333,101.538,3.3035,1.9172775,6.685829208,0.0812304,8.684337108,6.685829208,7.359575908,6.963715767,1.193528058,1.505265334,1.408369195,1.471083061,1.34269034,1.33160858,,0,0,0,6,1,5,4000,2000,1250,8,1.5,0.36,3.110270741,8.665363518,,0.3,0.3,-0.1621478911,-0.3202287305,-0.3281509149,-0.3202287305,-0.2934186429,-0.2552266369
9,17,6.121,5753.123,19.75328001,18.81666667,95.66663233,112.099,5753.123,12.45533333,149.259,6.1415,2.8765615,11.95832904,0.1194072,14.95429774,11.95832904,12.88896035,12.07773624,1.258278188,1.547635913,1.459905698,1.527534019,1.420237223,1.454828674,,0,0,0,6,1,5,4000,2000,1250,8,1.5,0.36,3.921011236,14.643287,,0.3,0.3,-0.2052631847,-0.3453500952,-0.3581362493,-0.3453500952,-0.3390042741,-0.2958922753
9,18,12.07,10846.008,35.74259623,34.2282,196.2319622,184.7026,10846.008,21.3478,241.048,12.14525,5.423004,24.52899528,0.1928384,30.14483768,24.52899528,26.21177565,24.72183368,1.135458096,1.384132255,1.305832938,1.3752343,1.288141239,1.363085308,,0,0,1,6,1,5,4000,2000,1250,8,1.5,0.36,3.730173874,24.6434734,,0.3,0.3,-0.1192981905,-0.272851179,-0.2777349181,-0.272851179,-0.2672172748,-0.2236876128
9,19,31.815,92989.342,73.08351174,71.448,447.3149613,468.16025,92989.342,39.01325,424.759,32.127,46.494671,55.91437016,0.3398072,102.7488484,55.91437016,81.46866374,82.26704013,1.438092716,1.27325674,1.140251144,1.2696366,1.145289774,1.146182472,,0,0,1,6,1,5,4000,2000,1250,8,1.5,0.36,1.199455852,50.21356434,,0.3,0.3,0.4380927158,-0.2123730523,0.151425374,-0.2123730523,0.1564640035,0.1452897736
10,15,2.088,2624.838,4.463516173,3.546,17.749975,20.28,2600.6655,2.28,638.166,3.144,1.30033275,2.218746875,0.5105328,4.029612425,2.218746875,2.983176934,3.3257965,1.136382523,1.466048406,1.188665667,1.375086494,1.060667763,1.081164784,,0,0,0,4,1,3,4000,2000,1250,8,1.5,0.36,1.424703706,3.878930008,,0.3,0.3,0.1363825226,-0.2727730189,-0.06209912578,-0.2727730189,0.03942371686,-0.05719770612
10,16,3.074,3864.009,6.333932333,5.4025,31.769974,27.582,3854.2835,3.078,922.778,4.978,1.92714175,3.97124675,0.7382224,6.6366109,3.97124675,5.012848536,5.4569332,1.228433299,1.295176316,1.077730548,1.247331383,1.005518761,1.098359255,,0,0,0,4,1,3,4000,2000,1250,8,1.5,0.36,1.382040456,4.794733768,,0.3,0.3,0.2284332994,-0.1982884313,0.01007555761,-0.1982884313,0.07671137436,-0.005488470979
10,17,4.821,7865.39,11.9146166,10.996,62.5799772,47.55,7697.2902,5.839,1365.62775,10.5355,3.8486451,7.82249715,1.0925022,12.76364445,7.82249715,9.776954675,10.429416,1.160753406,1.370645548,1.124685586,1.343844037,1.084743925,1.001242121,,0,0,0,4,1,3,4000,2000,1250,8,1.5,0.36,1.407447458,7.565876736,,0.3,0.3,0.1607534058,-0.2558660286,-0.05152637323,-0.2558660286,-0.01878719534,-0.07812343802
10,18,15.66,17020.695,27.47141611,25.9986,133.123972,104.754,17020.6936,15.901,2232.895,23.628,8.5103468,16.6404965,1.786316,26.9371593,16.6404965,20.83402556,21.90699064,1.036100378,1.543814341,1.247891337,1.529284748,1.226694755,1.173641521,,0,0,1,4,1,3,4000,2000,1250,8,1.5,0.36,1.804809772,11.3252259,,0.3,0.3,0.03610037848,-0.34609954,-0.157378065,-0.34609954,-0.1435311655,-0.1848012755
10,19,29.162,30190.711,53.52240357,51.8225,232.32497,191.2685,30190.71,29.18025,4020.453,43.43566667,15.095355,29.04062125,3.2163624,47.35233865,29.04062125,36.54416101,38.5251434,1.094402124,1.772277667,1.4180788,1.762632822,1.404245445,1.337219533,,0,0,1,4,1,3,4000,2000,1250,8,1.5,0.36,1.895393123,12.35244316,,0.3,0.3,-0.08625908341,-0.4326668677,-0.2565942708,-0.4326668677,-0.2496474813,-0.2878737806
11,15,0.259987,1237.873,12.81537313,0.7364,1.747985,27.9872,1345.388,0.637,96.04475,0.45425,0.672694,0.218498125,0.0768358,0.968027925,0.672694,0.7696124967,0.813359275,1.314540908,1.759625566,1.045101163,1.402354699,1.533965911,5.539724532,,1,0,0,2,2,0,4000,2000,1250,8,1.5,0.36,1.526992151,1.20543218,,0.3,0.3,0.3145409085,-0.2144240562,0.1045074348,0.4023546985,0.5933721822,0.5339659107
11,16,0.059994,1776.538,9.549488301,1.775833333,1.796652167,16.90616667,1776.176,0.685,124.9058,0.6892,0.888088,0.2245815208,0.09992464,1.212594161,0.888088,0.9832203474,1.033952753,1.464491081,4.182549749,1.806139731,1.422843047,1.322071495,3.768613401,,0,0,0,2,2,0,4000,2000,1250,8,1.5,0.36,1.734435036,1.723324674,,0.3,0.3,-0.3171689381,-0.6708128461,-0.4177647569,-0.2971817926,-0.21504303,-0.2436112544
11,17,0.627,2601.543,4.771743148,2.5174,3.5679836,8.5034,2436.216,0.891,168.74075,0.6515,1.218108,0.44599795,0.1349926,1.79909855,1.218108,1.41984589,1.49888857,1.399256311,3.896916391,1.773009323,1.595201342,1.414392119,1.591170541,,0,0,0,2,2,0,4000,2000,1250,8,1.5,0.36,1.703824916,1.497726628,,0.3,0.3,-0.2853346508,-0.6798292087,-0.4045886351,-0.3731198856,-0.2615839477,-0.2929824858
11,18,0.956,4202.268,5.176107878,3.154,9.7519836,10.889,3716.9036,1.2418,253.80575,0.889,1.8584518,1.21899795,0.2030446,3.28049435,1.8584518,2.507606966,2.6650044,1.040106008,2.222695248,1.257772866,1.421712205,1.099871788,1.242761683,,0,0,0,2,2,0,4000,2000,1250,8,1.5,0.36,1.738163794,1.767238929,,0.3,0.3,0.04010600824,-0.4993665346,-0.1550398224,-0.2966227647,-0.04089904883,-0.09080311795
11,19,1.74,7420.036,6.554453736,4.7045,19.853315,16.9785,6479.075667,2.207666667,443.8372,1.5338,3.239537833,2.481664375,0.35506976,6.076271968,3.239537833,4.626652668,4.932031527,1.291587197,1.754320952,1.016825843,1.306973344,1.05997506,1.01903321,,0,0,0,2,2,0,4000,2000,1250,8,1.5,0.36,1.603293598,2.341430018,,0.3,0.3,0.291587197,-0.3959688862,0.04836465653,-0.2348734545,0.124887135,0.05997505958
12,15,0,357.007,2.083503375,1.15125,2.1949905,3.45175,251.523,0.58925,0,0.5736666667,0.1257615,0.2743738125,0,0.4001353125,0.2743738125,0.3285442661,0.32010825,2.877151714,2.426883546,3.504094026,1.814781722,1.672005791,1.144713989,2,0,0,0,1,1,0,4000,2000,1250,8,1.5,0.36,1.383990802,1.912222222,,0.3,0.3,-0.6524340391,-0.448969544,-0.7219472313,-0.448969544,-0.4092436482,-0.401915947
12,16,0,357.007,2.31224823,1.368,2.849989,4.0525,357.007,0.7035,0,0.6356666667,0.1785035,0.356248625,0,0.534752125,0.356248625,0.4361591349,0.4278017,2.558194603,2.459331922,3.136469904,1.909951311,1.718249455,1.199422238,2,0,0,0,1,1,0,4000,2000,1250,8,1.5,0.36,1.470208682,2.118888889,,0.3,0.3,-0.6090993238,-0.4764264437,-0.6872794591,-0.4764264437,-0.4241215643,-0.4180123283
12,17,0,606.386,9.953682205,9.0468,79.483989,27.0958,516.2688,7.0054,0,2.03875,0.2581344,9.935498625,0,10.19363303,9.935498625,9.963217785,9.935498625,1.126766705,1.120340742,1.101297452,1.138026554,1.141090528,1.14887118,2,0,0,0,1,1,0,4000,2000,1250,8,1.5,0.36,12.55145714,6.795833333,,0.3,0.3,0.1267667048,0.1380265536,0.09823347758,0.1380265536,0.1380265536,0.1410905276
12,18,0,4920.691,30.81678687,29.1086,129.3879898,84.385,4920.3138,24.6792,0,3.431,2.4601569,16.17349873,0,18.63365563,16.17349873,16.80699786,16.17349873,1.562151871,1.777787417,1.731933343,1.760583194,1.695613888,1.743672113,2,0,0,1,1,1,0,4000,2000,1250,8,1.5,0.36,8.941230841,11.43666667,,0.3,0.3,-0.3598573746,-0.4320063924,-0.4443738715,-0.4320063924,-0.4320063924,-0.4102430943
12,19,0,12891.307,54.98147448,53.422,226.6039896,160.2216,12891.307,44.2222,0,9.1745,6.4456535,28.3254987,0,34.7711522,28.3254987,30.33993879,28.3254987,1.536388547,1.87278058,1.760781403,1.862334713,1.740133763,1.843438563,2,0,0,1,1,1,0,4000,2000,1250,8,1.5,0.36,6.555658395,30.58166667,,0.3,0.3,-0.3491229793,-0.463039596,-0.4697783928,-0.463039596,-0.463039596,-0.425331534
13,15,8.597,2840.471,9.890431885,8.998333333,79.259986,113.9816667,2840.471,8.771666667,1069.398,15.806,1.4202355,9.90749825,0.8555184,12.18325215,9.90749825,10.42683163,10.76301665,1.353945414,1.123263373,1.158751431,1.141044443,1.19875884,1.239886872,2,0,0,0,2,2,0,4000,2000,1250,8,1.5,0.36,5.099108039,13.67870905,,0.3,0.3,0.353945414,0.1410444434,0.1961122412,0.1410444434,0.2361196499,0.1987588398
13,16,11.972,4092.187,16.41542356,15.4964,122.847983,197.1368,4092.187,15.1794,1540.651,28.13125,2.0460935,15.35599788,1.2325208,18.63461218,15.35599788,16.0782765,16.58851868,1.202512337,1.003845917,1.037549141,1.014170896,1.060780343,1.101922141,2,0,0,0,2,2,0,4000,2000,1250,8,1.5,0.36,6.470074616,18.35619458,,0.3,0.3,0.2025123367,0.01417089614,0.07047563789,0.01417089614,0.09370683998,0.06078034276
13,17,16.764,6017.968,22.01085879,21.10225,168.609983,268.8755,6017.968,20.687,2265.68,40.73533333,3.008984,21.07624788,1.812544,25.89777588,21.07624788,22.17437837,22.88879188,1.227251875,1.008245466,1.050806353,1.015827595,1.067866146,1.108034544,2,0,0,1,2,2,0,4000,2000,1250,8,1.5,0.36,6.251767914,19.2825964,,0.3,0.3,0.2272518748,0.0158275954,0.08466120319,0.0158275954,0.1017209954,0.06786614554
13,18,25.868,9725.082,28.01286117,26.66,266.38398,338.4858,9725.082,26.0418,3661.355,49.63,4.862541,33.2979975,2.929084,41.0896225,33.2979975,35.09198628,36.2270815,1.541246155,1.256489029,1.316278555,1.262490529,1.329781931,1.346777156,2,0,0,1,2,2,0,4000,2000,1250,8,1.5,0.36,5.044376403,15.36968379,,0.3,0.3,0.5412461553,0.2624905289,0.3588552701,0.2624905289,0.3723586459,0.3297819311
13,19,44.52,17139.22,49.35785942,43.91225,480.88998,605.21975,17139.22,46.56175,6452.672,86.928,8.56961,60.1112475,5.1621376,73.8429951,60.1112475,63.23657869,65.2733851,1.681603541,1.373449265,1.440066922,1.377092895,1.44826509,1.352841997,2,0,0,1,2,2,0,4000,2000,1250,8,1.5,0.36,5.249582563,15.91464851,,0.3,0.3,0.6816035412,0.3770928955,0.4864504802,0.3770928955,0.4946486482,0.4482650898
14,15,0.099994,753.146,1.605953901,0.71,0.4299955,1.934,753.146,0.426,101.051,0.367,0.376573,0.0537494375,0.0808408,0.5111632375,0.376573,0.4141585623,0.4574138,1.388988777,2.798035759,1.71431926,1.037426761,1.090364172,1.218848062,,1,0,0,2,1,1,4000,2000,1250,8,1.5,0.36,1.588199531,1.037713351,,0.3,0.3,-0.2800517782,-0.4172543134,-0.3557552113,0.03742676056,0.1512870423,0.0903641723
14,16,0.486,1091.264,1.919536635,0.981,1.399988,2.727,1091.2555,0.5695,145.575,0.518,0.54562775,0.1749985,0.11646,0.83708625,0.54562775,0.6433182033,0.712524075,1.171922248,2.616010464,1.524906329,1.083226524,1.022750462,1.152634461,,1,0,0,2,1,1,4000,2000,1250,8,1.5,0.36,1.484859965,1.243816933,,0.3,0.3,-0.1467010703,-0.4546396534,-0.2736757645,-0.07683205912,0.09329671254,0.02275046207
14,17,0.706,1609.73,3.266788721,2.318,6.079988,6.706,1609.7275,1.267,214.249,0.706,0.80486375,0.7599985,0.1713992,1.73626145,0.80486375,1.284376192,1.423289,1.335052391,2.414587106,1.804767182,1.989932299,1.409653102,1.117504537,,0,0,0,2,1,1,4000,2000,1250,8,1.5,0.36,1.146747732,1.497669067,,0.3,0.3,-0.2509657248,-0.5168254961,-0.385984038,-0.4974703408,-0.2306777394,-0.2906056119
14,18,17.659,2600.199,21.6124331,20.0136,81.174986,40.5784,2600.1904,18.1244,346.168,17.9145,1.3000952,10.14687325,0.2769344,11.72390285,10.14687325,10.48482077,10.42380765,1.707076582,1.934265504,1.908816607,1.904810263,1.845452353,1.812544594,,0,0,1,2,1,1,4000,2000,1250,8,1.5,0.36,11.32707604,31.05119057,,0.3,0.3,-0.4142031993,-0.4750133284,-0.4791637861,-0.4750133284,-0.4611760178,-0.4581274349
14,19,32.769,4619.688,39.99583768,35.131,95.871988,73.8224,4619.688,33.3224,609.856,33.45325,2.309844,11.9839985,0.4878848,14.7817273,11.9839985,12.71465417,12.4718833,2.376650529,2.88337199,2.763032288,2.845998402,2.686954435,2.862594599,,0,0,1,2,1,1,4000,2000,1250,8,1.5,0.36,12.76796621,42.45957023,,0.3,0.3,-0.5792397797,-0.6486294583,-0.6449892317,-0.6486294583,-0.6347418719,-0.6278314261
15,15,0.476,807.217,2.175914534,0.9223333333,2.513326333,8.148,807.0073333,0.9053333333,347.4615,0.8845,0.4035036667,0.3141657917,0.2779692,0.9956386583,0.4035036667,0.6946478124,0.8521047667,1.079478126,1.79384422,1.327771162,1.208027379,1.143456248,1.080972956,,1,0,0,4,2,1,4000,2000,1250,8,1.5,0.36,1.286892132,1.530358365,,0.3,0.3,0.07947812613,-0.2690649169,-0.07614228406,-0.1722041923,0.3141721359,0.1434562477
15,16,0.916,998.313,3.62769487,2.411666667,23.55332633,21.567,996.2336667,2.396333333,336.1295,3.043,0.4981168333,2.944165792,0.2689036,3.711186225,2.944165792,3.131971588,3.213069392,1.538847087,1.303731496,1.298675157,1.370075657,1.447949518,1.299191239,,0,0,0,4,2,1,4000,2000,1250,8,1.5,0.36,3.00248439,5.348885119,,0.3,0.3,0.5388470871,0.3700756565,0.332302443,0.3700756565,0.4815768037,0.4479495182
15,17,1.488,1588.333,4.689076816,3.4925,38.724993,31.26825,1476.308,3.47425,546.786,3.998333333,0.738154,4.840624125,0.4374288,6.016206925,4.840624125,5.116558805,5.278052925,1.722607566,1.443271045,1.465013258,1.4890835,1.568091283,1.445498377,2,0,0,0,4,2,1,4000,2000,1250,8,1.5,0.36,3.346565153,5.421992379,,0.3,0.3,0.7226075662,0.4890835004,0.5112535218,0.4890835004,0.6143315462,0.5680912827
15,18,17.219,2461.338,18.87449355,14.41025,59.46499225,156.54825,2452.87725,17.39425,876.12,17.28866667,1.226438625,7.433124031,0.700896,9.360458656,7.433124031,7.901425235,8.134020031,1.539481187,1.887857441,1.823753256,1.849097992,1.744281355,1.959150332,2,0,0,0,4,2,1,4000,2000,1250,8,1.5,0.36,11.39531568,17.27318989,,0.3,0.3,-0.350430516,-0.4591957786,-0.4355392841,-0.4591957786,-0.4105570666,-0.4266979938
15,19,31.698,4481.791,34.46856433,26.5304,105.8679924,292.6188,4238.5078,32.5132,1404.26925,32.552,2.1192539,13.23349905,1.1234154,16.47616835,13.23349905,14.00593539,14.35691445,1.610228752,1.974943379,1.894225502,1.951697639,1.846757574,2.173724556,2,0,0,1,4,2,1,4000,2000,1250,8,1.5,0.36,13.43935004,22.86893903,,0.3,0.3,-0.3789702247,-0.4876255522,-0.4588504338,-0.4876255522,-0.4452810945,-0.458510411
16,15,1.515,1365.352,5.362589814,1.997,8.679980667,13.99333333,1365.351,1.555666667,475.391,2.985,0.6826755,1.084997583,0.3803128,2.147985883,1.084997583,1.549478403,1.794451267,1.075606351,1.554088526,1.288820803,1.382009232,1.045835343,1.627764195,,0,0,0,3,2,1,4000,2000,1250,8,1.5,0.36,1.583092961,4.387687546,,0.3,0.3,0.07560635119,-0.2764158321,-0.1014265064,-0.2764158321,0.07884389918,-0.04382653832
16,16,2.175,1962.735,5.93071228,2.715,16.419974,19.762,1962.7345,2.1965,682.043,4.251,0.98136725,2.05249675,0.5456344,3.5794984,2.05249675,2.650759752,2.9727256,1.318415617,1.205329153,1.024234655,1.125390117,1.108935452,1.325972754,,0,0,0,3,2,1,4000,2000,1250,8,1.5,0.36,1.714184595,5.026995118,,0.3,0.3,0.3184156169,-0.1114192449,0.09492655617,-0.1114192449,0.2275232413,0.1089354519
16,17,2.907,2889.939,7.064818025,3.707,25.739974,26.152,2889.939,2.907,999.583,5.855,1.4449695,3.21749675,0.7996664,5.46213265,3.21749675,4.0741223,4.5296394,1.473464432,1.084712078,1.09903488,1.036199404,1.196148449,1.17168168,,0,0,0,3,2,1,4000,2000,1250,8,1.5,0.36,1.665931697,5.324342,,0.3,0.3,0.4734644322,-0.03493478554,0.2219151335,-0.03493478554,0.3190287025,0.196148449
16,18,4.938,4665.743,10.22664948,6.5796,46.6879744,47.2208,4665.733,5.248,1610.364,10.574,2.3328665,5.8359968,1.2882912,9.4571545,5.8359968,7.151286917,7.82338184,1.437344899,1.09006022,1.086887792,1.061911459,1.141602364,1.096881975,,0,0,0,3,2,1,4000,2000,1250,8,1.5,0.36,1.993264755,6.657469361,,0.3,0.3,0.4373448994,-0.05830190285,0.1890360873,-0.05830190285,0.2437506596,0.1416023644
16,19,9.467,8219.66,15.66082537,12.0654,91.6479736,87.954,8219.6444,9.7742,2833.03,19.67725,4.1098222,11.4559967,2.266424,17.8322429,11.4559967,13.66575811,14.71907912,1.477965331,1.035123835,1.132640287,1.021107259,1.162477673,1.035646509,,0,0,0,3,2,1,4000,2000,1250,8,1.5,0.36,2.216461244,7.667185937,,0.3,0.3,0.4779653306,-0.02067095165,0.2199412469,-0.02067095165,0.2497786331,0.1624776729
17,15,0.985,20.498,5.133881535,3.168333333,38.07998533,8.367333333,20.498,1.058,1.991,2.0135,0.010249,4.759998167,0.0015928,4.771839967,4.759998167,4.760334635,4.761590967,1.506104145,1.565491268,1.502472794,1.615991005,1.616097202,1.219660197,2,0,0,0,4,3,3,4000,2000,1250,8,1.5,0.36,3.410164094,6.676220387,,0.3,0.3,0.5061041452,0.6159910047,0.5028693214,0.6159910047,0.6164937296,0.616097202
17,16,2.856,56.265,10.36641385,9.4242,53.791983,40.0728,56.2642,5.3884,2.856,7.88175,0.0281321,6.723997875,0.0022848,6.754414775,6.723997875,6.725239,6.726282675,1.395265217,1.361092272,1.401318228,1.330350484,1.330117446,1.260157748,2,0,0,0,4,3,3,4000,2000,1250,8,1.5,0.36,16.42143515,26.07392102,,0.3,0.3,-0.2832903827,-0.2483183851,-0.2862754743,-0.2483183851,-0.2480759454,-0.2481866896
17,17,4.202,69.592,15.51740996,14.5735,80.80998075,61.4615,44.823,8.18175,4.202,12.922,0.0224115,10.10124759,0.0033616,10.12702069,10.10124759,10.10199223,10.10460919,1.439070823,1.414731552,1.442636232,1.39309388,1.392994726,1.337176436,2,0,0,0,4,3,3,4000,2000,1250,8,1.5,0.36,25.37673129,42.59603061,,0.3,0.3,-0.3051071675,-0.2821732876,-0.3066449931,-0.2821732876,-0.2819426223,-0.2821221925
17,18,14.321,110.068,27.08337468,19.55475,130.7849818,108.6515,72.2115,14.494,17.25833333,21.90333333,0.03610575,16.34812272,0.01380666667,16.39803514,16.34812272,16.34952138,16.36192939,1.192505678,1.181689931,1.196044187,1.170373855,1.17027589,1.516262554,2,0,0,1,4,3,3,4000,2000,1250,8,1.5,0.36,43.12333246,69.79881456,,0.3,0.3,-0.161429569,-0.1455721644,-0.1632759618,-0.1455721644,-0.1448661126,-0.145500639
17,19,11.94,291.425,49.84150681,47.9082,229.1279708,200.3652,285.3686,26.5628,42.174,41.1095,0.1426843,28.64099635,0.0337392,28.81741985,28.64099635,28.64848182,28.67473555,1.66247361,1.661114596,1.672277096,1.651950141,1.651523864,1.651762837,2,0,0,1,4,3,3,4000,2000,1250,8,1.5,0.36,60.00393508,123.1785178,,0.3,0.3,-0.3984866923,-0.3946548534,-0.4014649778,-0.3946548534,-0.3939506066,-0.3944986073
18,15,0.331,13791.687,10.69268563,9.775666667,56.48664233,66.316,13791.687,6.248333333,0.331,1.149,6.8958435,7.060830292,0.0002648,13.95693859,7.060830292,11.07780719,11.16560383,1.427722432,1.346356584,1.133202223,1.317327884,1.170028356,1.184511008,3,0,0,0,4,2,3,4000,2000,1250,8,1.5,0.36,1.151642065,3.826622368,,0.3,0.3,0.4277224324,-0.2408875482,0.1421833635,-0.2408875482,0.1790094964,0.1700283556
18,16,0.479,19869.88,18.87258217,17.956,101.2559694,121.4832,19869.88,11.258,0.479,2.025,9.93494,12.65699618,0.0003832,22.59231938,12.65699618,17.99631157,18.07393214,1.258204465,1.396593711,1.002245019,1.379427309,1.022294028,1.037162375,3,0,0,0,4,2,3,4000,2000,1250,8,1.5,0.36,1.099957596,6.741388999,,0.3,0.3,0.2582044651,-0.2750614739,0.006567840276,-0.2750614739,0.02661684896,0.02229402814
18,17,0.704,29220.593,34.20677904,33.283,152.7639704,228.0086,29220.593,21.3752,0.704,4.54375,14.6102965,19.0954963,0.0005632,33.706356,19.0954963,26.87073633,26.96519744,1.012719887,1.724910284,1.238633716,1.710724799,1.222258539,1.201705314,3,0,0,1,4,2,3,4000,2000,1250,8,1.5,0.36,1.433586515,15.11745284,,0.3,0.3,0.01271988703,-0.4154524442,-0.1898207061,-0.4154524442,-0.1790043734,-0.1818424922
18,18,1.14,47218.856,43.81665171,42.2722,243.7879666,274.3472,47218.856,24.9928,1.14,4.5135,23.609428,30.47349583,0.000912,54.08383583,30.47349583,43.09851087,43.26725106,1.279418526,1.378134408,1.019547383,1.370983045,1.028063618,1.021694934,3,0,0,1,4,2,3,4000,2000,1250,8,1.5,0.36,1.045311498,14.99940182,,0.3,0.3,0.2794185262,-0.2705963772,0.02353913589,-0.2705963772,0.03205537114,0.02806361786
18,19,1.989,83216.188,85.71128556,84.1964,492.5199632,567.7954,83216.188,52.3456,1.989,8.792,41.608094,61.5649954,0.0015912,103.1746806,61.5649954,82.65454083,82.54006272,1.225404894,1.36317342,1.018654258,1.359651292,1.014236773,1.019886026,3,0,0,1,4,2,3,4000,2000,1250,8,1.5,0.36,1.249057044,29.15204422,,0.3,0.3,0.2254048938,-0.2645173024,-0.01967230523,-0.2645173024,-0.01539658798,-0.01403693233
19,15,0.493,513.352,2.988978356,2.0705,6.619988,8.832,513.352,1.472,145.156,0.493,0.256676,0.8274985,0.1161248,1.2002993,0.8274985,0.9475476073,0.9834644,1.724986426,2.0150881,2.185114483,1.74358115,1.583498749,1.203551923,2,0,0,0,2,1,1,4000,2000,1250,8,1.5,0.36,2.644267042,1.184740732,,0.3,0.3,-0.4202852934,-0.4264677614,-0.5250111567,-0.4264677614,-0.3511401111,-0.3684870286
19,16,0.629,736.75,5.609961394,4.6885,15.219988,23.427,736.75,3.9045,209.18,0.649,0.368375,1.9024985,0.167344,2.4382175,1.9024985,2.041153589,2.0698425,1.92292115,2.229965919,2.296985403,2.072266567,1.952603124,1.571487088,2,0,0,0,2,1,1,4000,2000,1250,8,1.5,0.36,5.841780438,1.388698689,,0.3,0.3,-0.4799578757,-0.5174366002,-0.5585277807,-0.5174366002,-0.4817441612,-0.4878631569
19,17,0.947,1089.705,12.05868687,11.134,127.6666547,57.438,1089.705,9.573,307.604,1.4375,0.5448525,15.95833183,0.2460832,16.74926753,15.95833183,16.04570169,16.20441503,1.504335148,1.451260269,1.441144395,1.465630666,1.473477788,1.468187642,2,0,0,0,2,1,1,4000,2000,1250,8,1.5,0.36,11.33097197,2.632382758,,0.3,0.3,0.5043351476,0.4656306658,0.4553992306,0.4656306658,0.4877326238,0.4734777882
19,19,2.887,4303.118,34.47410446,32.98766667,330.7866543,179.594,4303.118,29.93233333,875.681,3.011,2.151559,41.34833179,0.7005448,44.20043559,41.34833179,41.73541473,42.04887659,1.339907913,1.259511084,1.265182383,1.264361381,1.276095553,1.263234456,2,0,0,1,2,1,1,4000,2000,1250,8,1.5,0.36,12.20950968,3.0093605,,0.3,0.3,0.3399079128,0.2643613813,0.2746847789,0.2643613813,0.2855979485,0.2760955527
20,15,2.358,,,,,,3170.66,,,,1.58533,0,0,1.58533,1.58533,1.58533,1.58533,,,,,,,,0,0,0,8,3,4,4000,2000,1250,8,1.5,0.36,,,,0.3,0.3,,,,,,
20,16,2.444,,,,,,,,,,0,0,0,0.2,0,0,0,,,,,,,,0,0,0,8,3,4,4000,2000,1250,8,1.5,0.36,,,,0.3,0.3,,,,,,
20,17,10.36602651,,,,,,6717.5,,,,3.35875,0,0,3.35875,3.35875,3.35875,3.35875,,,,,,,,0,0,0,8,3,4,4000,2000,1250,8,1.5,0.36,,,,0.3,0.3,,,,,,
20,18,25.92220819,,,,,,,,,,0,0,0,0.2,0,0,0,,,,,,,,0,0,0,8,3,4,4000,2000,1250,8,1.5,0.36,,,,0.3,0.3,,,,,,
20,19,45.1243681,,,,,,,,,,,,,0.2,,,0,,,,,,,,0,0,0,8,3,4,4000,2000,1250,8,1.5,0.36,,,,0.3,0.3,,,,,,
21,15,1.776,7719.06,9.10001391,7.9465,39.74997,42.192,7714.8475,5.1445,3.392,1.799,3.85742375,4.96874625,0.0027136,8.8288836,4.96874625,7.033136895,7.0636496,1.111040534,1.537413449,1.12986568,1.491251343,1.074848216,1.062632678,3,0,1,0,10,1,6,4000,2000,1250,8,1.5,0.36,1.333662137,5.942911055,,,,0.1110405336,-0.3294222299,-0.1110992764,-0.3294222299,-0.06579631284,-0.06963607942
21,16,4.322,18467.643,20.87434101,19.66033333,87.70663433,107.6806667,18467.643,13.48166667,4.891,4.631,9.2338215,10.96332929,0.0039128,20.20106359,10.96332929,16.05991671,16.16163343,1.027503616,1.76115322,1.224186507,1.736267914,1.197346715,1.181903196,3,0,1,0,10,1,6,4000,2000,1250,8,1.5,0.36,1.460031111,1183.551421,,,,0.02750361599,-0.4240520189,-0.1779573032,-0.4240520189,-0.1596463217,-0.1648200246
21,17,9.849,26247.917,46.24882573,25.903,125.839971,142.104,26247.9125,14.325,25.994,12.991,13.12395625,15.72999638,0.0207952,28.87474783,15.72999638,22.94851871,23.1039573,1.11472601,1.626051845,1.128743878,1.609882277,1.111310432,1.879731181,3,0,1,1,10,1,6,4000,2000,1250,8,1.5,0.36,1.091515373,624.7114719,,,,0.1147260095,-0.3788365682,-0.1080586303,-0.3788365682,-0.09416062618,-0.100161421
21,18,9.201,42341.245,64.30144265,32.952,153.119974,181.091,34294.5875,18.983,26.006,13.062,17.14729375,19.13999675,0.0208048,36.3080953,19.13999675,28.82332757,29.0506372,1.101848,1.703826553,1.143240659,1.689846435,1.129137859,2.10474964,3,0,1,1,10,1,6,4000,2000,1250,8,1.5,0.36,1.107055158,627.835884,,,,0.1018480001,-0.4082302516,-0.1183953265,-0.4082302516,-0.1074703447,-0.1143685492
21,19,13.062,74617.533,65.8725,65.8725,323.7949805,365.197,74617.533,39.83825,25.23266667,13.062,37.3087665,40.47437256,0.02018613333,77.8033252,40.47437256,61.76232545,62.24669738,1.18111997,1.619508694,1.066548248,1.613163026,1.060367582,1.033347651,,0,1,1,10,1,6,4000,2000,1250,8,1.5,0.36,1.067798637,647.077862,,,,0.1811199696,-0.380099851,-0.05504273584,-0.380099851,-0.0495776328,-0.05693080645
22,15,1.261,1277.406,3.474460903,2.461666667,4.466638333,10.26133333,1277.398667,1.292333333,121.2275,3.0625,0.6386993333,0.5583297917,0.096982,1.294011125,0.6386993333,0.9716881775,1.0546053,1.902353557,3.246169007,2.5333916,2.464872644,1.848530841,1.360077388,,0,0,0,7,4,2,4000,2000,1250,8,1.5,0.36,2.023382938,31.57802479,,,,-0.4743353588,-0.6269479519,-0.57158891,-0.5942995261,-0.4253465267,-0.4590298534
22,16,2.028,1847.063,4.984045969,3.947,12.01330033,16.53833333,1847.062,2.087666667,177.4095,5.103,0.923531,1.501662542,0.1419276,2.567121142,1.501662542,1.977655213,2.082082433,1.537519962,2.319496318,1.995797839,2.120147939,1.688444035,1.391382265,,0,0,0,7,4,2,4000,2000,1250,8,1.5,0.36,2.260526898,35.95495168,,,,-0.3496019403,-0.5283348007,-0.4724898826,-0.5283348007,-0.3812813698,-0.407738735
22,17,3.55,2712.734,8.97394187,7.935333333,34.93329967,38.242,2712.728333,4.619333333,261.697,9.172,1.356364167,4.366662458,0.2093576,5.932384225,4.366662458,4.886035731,4.7877789,1.3376297,1.737665835,1.62408418,1.678844936,1.512634252,1.427203789,,0,0,0,7,4,2,4000,2000,1250,8,1.5,0.36,3.405673378,43.81020799,,,,-0.2524089442,-0.4043523744,-0.3966505629,-0.4043523744,-0.3512838486,-0.3389016553
22,18,4.774,4388.428,11.16295339,9.4778,54.8319654,38.774,4387.3836,4.9578,430.30075,11.5455,2.1936918,6.853995675,0.3442406,9.391928075,6.853995675,7.706796876,7.58239058,1.009143163,1.343607288,1.229797561,1.313807275,1.174914919,1.229076562,,0,0,0,7,4,2,4000,2000,1250,8,1.5,0.36,2.26002577,33.53904217,,,,-0.009060322543,-0.2388533547,-0.1999841123,-0.2388533547,-0.1620006141,-0.1488745409
22,19,7.616,7700.093,19.80951626,15.254,109.287962,76.3992,7637.1054,7.7842,869.8925,24.7805,3.8185527,13.66099525,0.695914,18.17546195,13.66099525,15.07560512,14.67955236,1.19152104,1.100498177,1.011833348,1.087939888,1.011905409,1.224355026,,0,0,0,7,4,2,4000,2000,1250,8,1.5,0.36,2.038521034,35.60856658,,,,0.1915210404,-0.08083156877,-0.03765881998,-0.08083156877,-0.01405845286,0.01190540942
,,,,,,,,,,,,,,,,,,,,,,,,,,,,,SCANS,JOINS,AGGREGATES,,,,,,,,,,,,,,,,,
,,,,,,,,,,,,,,,,,,Average,1.432979155,1.681608953,1.476747019,1.508617219,1.386746579,1.429409892,,short_max_offset,complex_powermean,long_powermean,1_4_max_offset,1_max_offset,1_2_max_offset,,,,,,,5.319916721,53.98147394,,,,1.010079534,0.6159910047,0.6080636379,0.6159910047,0.6661174342,0.6705787124
,,,,,,,,,,,,,,,,,,Median,1.338988205,1.518292131,1.319704778,1.397724289,1.329949688,1.2575766,,1.331116914,1.213693086,1.467182138,1.526948815,1.593664053,1.489399331,,,,,,,2.030951986,11.43666667,,,,-0.6845356573,-0.6971535797,-0.7219472313,-0.6971535797,-0.6971535797,-0.6919630619
,,,,,,,,,,,,,,,,,,75th,1.551590331,1.880627166,1.649183031,1.717110578,1.588393793,1.492379149,,1.402354699,1.129137859,1.329781931,1.402354699,1.529284748,1.402354699,,,,,,,5.13672667,33.86230101,,,,,,,,,
,,,,,,,,,,,,,,,,,,90th,1.800749061,2.38605987,1.979357724,1.980834383,1.770076337,1.834170373,,1.511113556,1.359615807,1.673568876,1.787682458,1.810814172,1.595201342,,,,,,,12.63992935,88.77978905,,,,,,,,,
,,,,,,,,,,,,,,,,,,,,,,,,,,1.556080563,1.438335111,1.846235486,2.072719927,2.057296571,1.890904672,,,,,,,,,,,,,,,,,
,,,,,,,,,,,,,,,,,,PowerMean,,,,,,,,medium_max_offset,,,1_4_powermean,1_powermean,1_2_powermean,,,,,,,,,,,,,,,,,
,,,,,,,,,,,,,,,,,,,CPU-Bound,IO-Bound,Mixed,,,,,1.458730994,1.31640224,1.53926667,1.503701759,1.45264081,1.525112548,,,,,,,,,,,,,,,,,
,,,,,,,,,,,,,,,,,,,1.310831661,1.464183723,1.228455277,,,,,1.38071827,1.181903196,1.352841997,1.410678916,1.358184554,1.414392119,,,,,,,,,,,,,,,,,
,,,,,,,,,,,,,,,,,,,1.350817868,1.431836964,1.170028356,,,,,1.637838377,1.248988946,1.753081323,1.787682458,1.608805239,1.670578712,,,,,,,,,,,,,,,,,
,,,,,,,,,,,,,,,,,,,1.354678462,1.672005791,1.254706775,,,,,1.903865979,1.924734873,2.030247005,2.072719927,1.801155852,1.73138004,,,,,,,,,,,,,,,,,
,,,,,,,,,,,,,,,,,,,1.505129654,1.812752066,1.478421923,,,,,medium_powermean,,,5_6_max_offset,2_max_offset,3_4_max_offset,,,,,,,,,,,,,,,,,
,,,,,,,,,,,,,,,,,,,,,,,,,,1.343995541,,,1.32096997,#DIV/0!,1.492109173,,,,,,,,,,,,,,,,,
,,,,,,,,,,,,,,,,,,Average Short,1.294346133,1.811700845,1.509190009,1.331116914,1.344633464,1.970841326,,1.32609447,,,1.164506484,#N/A,1.317218519,,,,,,,,,,,,,,,,,
,,,,,,,,,,,,,,,,,,Median Short,1.314540908,1.759625566,1.524906329,1.402354699,1.338711079,1.283648996,,1.447776557,,,1.38034376,#N/A,1.86302606,,,,,,,,,,,,,,,,,
,,,,,,,,,,,,,,,,,,Average Complex,1.13179976,1.46802949,1.148988575,1.498146384,1.114602161,1.452472869,,1.686800211,,,1.869106729,#N/A,2.047566287,,,,,,,,,,,,,,,,,
,,,,,,,,,,,,,,,,,,Median Complex,1.112199688,1.537413449,1.12986568,1.491251343,1.111310432,1.181903196,,,,,5_6_powermean,2_poweroffset,3_4_powermean,,,,,,,,,,,,,,,,,
,,,,,,,,,,,,,,,,,,Average Long,1.471668334,1.661236213,1.484838899,1.632487163,1.462213443,1.542719343,,,,,1.220915758,#DIV/0!,1.413420423,,,,,,,,,,,,,,,,,
,,,,,,,,,,,,,,,,,,Median Long,1.438092716,1.619508694,1.316278555,1.609882277,1.282118396,1.349809577,,,,,1.179313061,#N/A,1.236122001,,,,,,,,,,,,,,,,,
,,,,,,,,,,,,,,,,,,,,,,,,,,,,,1.319364143,#N/A,1.6236944,,,,,,,,,,,,,,,,,
,,,,,,,,,,,,,,,,,,,,,,,,,,,,,1.379753661,#N/A,1.904609902,,,,,,,,,,,,,,,,,
,,,,,,,,,,,,,,,,,,Low Shuffle_max,,,,,,,,,,,7_8_max_offset,3_4_max_offset,5_6_max_offset,,,,,,,,,,,,,,,,,
,,,,,,,,,,,,,,,,,,1.493875717,1.454191778,1.65239167,1.391802191,,,,,,,,1.471301767,1.344075417,1.512269924,,,,,,,,,,,,,,,,,
,,,,,,,,,,,,,,,,,,1.410153774,1.444720568,1.561367681,1.288304972,,,,,,,,1.377256901,1.356006104,1.375347346,,,,,,,,,,,,,,,,,
,,,,,,,,,,,,,,,,,,1.671649021,1.637131382,1.982350702,1.462314933,,,,,,,,1.624980789,1.422277626,1.678844936,,,,,,,,,,,,,,,,,
,,,,,,,,,,,,,,,,,,1.872622759,1.713057175,2.113209724,1.876954128,,,,,,,,1.771279339,1.664515416,1.971577475,,,,,,,,,,,,,,,,,
,,,,,,,,,,,,,,,,,,Low_Shuffle_powermean,,,,,,,,,,,7_8_powermean,3_4_powermean,5_6_powermean,,,,,,,,,,,,,,,,,
,,,,,,,,,,,,,,,,,,1.536083236,1.303908805,1.439759629,1.309442163,,,,,,,,1.307514853,1.260525652,1.287613954,,,,,,,,,,,,,,,,,
,,,,,,,,,,,,,,,,,,1.375205177,1.260769149,1.417314671,1.168696296,,,,,,,,1.224476647,1.170028356,1.22500297,,,,,,,,,,,,,,,,,
,,,,,,,,,,,,,,,,,,1.748118596,1.420173163,1.571115539,1.385629567,,,,,,,,1.477984959,1.42181238,1.404245445,,,,,,,,,,,,,,,,,
,,,,,,,,,,,,,,,,,,1.992242339,1.628348028,1.814831085,1.794866854,,,,,,,,1.660799613,1.554441134,1.637353199,,,,,,,,,,,,,,,,,
,,,,,,,,,,,,,,,,,,Low_Shuffle_multiwave,,,,,,,,,,,9_11_max_offset,5_7_max_offset,7_8_max_offset,,,,,,,,,,,,,,,,,
,,,,,,,,,,,,,,,,,,1.416483832,1.320801692,1.622069268,1.358284776,,,,,,,,1.60027424,#DIV/0!,1.555991475,,,,,,,,,,,,,,,,,
,,,,,,,,,,,,,,,,,,1.237327825,1.228604406,1.345842984,1.226715794,,,,,,,,1.49930854,#N/A,1.471083061,,,,,,,,,,,,,,,,,
,,,,,,,,,,,,,,,,,,1.552449245,1.471491025,1.545662226,1.351325787,,,,,,,,1.799965433,#N/A,1.719185841,,,,,,,,,,,,,,,,,
,,,,,,,,,,,,,,,,,,1.793555338,1.707126685,1.818963148,1.885847463,,,,,,,,2.135202331,#N/A,1.991806582,,,,,,,,,,,,,,,,,
,,,,,,,,,,,,,,,,,,,,,,,,,,,,,9_11_powermean,5_7_powermean,7_8_powermean,,,,,,,,,,,,,,,,,
,,,,,,,,,,,,,,,,,,,,,,,,,,,,,1.355022454,#DIV/0!,1.324267975,,,,,,,,,,,,,,,,,
,,,,,,,,,,,,,,,,,,,,,,,,,,,,,1.292338283,#N/A,1.288141239,,,,,,,,,,,,,,,,,
,,,,,,,,,,,,,,,,,,,,,,,,,,,,,1.463601817,#N/A,1.400650619,,,,,,,,,,,,,,,,,
,,,,,,,,,,,,,,,,,,,,,,,,,,,,,1.697712764,#N/A,1.540750425,,,,,,,,,,,,,,,,,
,,,,,,,,,,,,,,,,,,,,,,,,,,,,,12_max_offset,8_max_offset,8_max_offset,,,,,,,,,,,,,,,,,
,,,,,,,,,,,,,,,,,,,,,,,,,,,,,1.513597807,1.582737205,1.513597807,,,,,,,,,,,,,,,,,
,,,,,,,,,,,,,,,,,,,,,,,,,,,,,1.491251343,1.504542442,1.491251343,,,,,,,,,,,,,,,,,
,,,,,,,,,,,,,,,,,,,,,,,,,,,,,1.674745771,1.672121237,1.674745771,,,,,,,,,,,,,,,,,
,,,,,,,,,,,,,,,,,,,,,,,,,,,,,1.778615139,2.154620409,1.778615139,,,,,,,,,,,,,,,,,
,,,,,,,,,,,,,,,,,,,,,,,,,,,,,12_powermean,8_powermean,8_powermean,,,,,,,,,,,,,,,,,
,,,,,,,,,,,,,,,,,,,,,,,,,,,,,1.341158123,1.439743858,1.341158123,,,,,,,,,,,,,,,,,
,,,,,,,,,,,,,,,,,,,,,,,,,,,,,1.213634311,1.452814489,1.213634311,,,,,,,,,,,,,,,,,
,,,,,,,,,,,,,,,,,,,,,,,,,,,,,1.453290976,1.642667199,1.453290976,,,,,,,,,,,,,,,,,
,,,,,,,,,,,,,,,,,,,,,,,,,,,,,1.734555279,1.704452716,1.734555279,,,,,,,,,,,,,,,,,