query,min,max_estimate,runtime_s,exec_wallclock_s,total_cpu_sec,other_wallclock_s,total_scan_mb,scan_wallclock_s,shuffle_mb,shuffle_wallclock_s,io_time,cpu_time,shuffle_time,sum_estimate,max.1,powermean_estimate,multiwave_estimate,sum_qerror,cpu_only_qerror,powermean_qerror,max_offset_qerror,powermean_offset_qerror,multiwave_offset_qerror,type,short,complex,long,scans,aggs,joins,mem,ssd,net,cpu,factor,extra,io_acc,shuffle_acc,cpu_acc,0.3,offset_2,sum_rel_error,cpu_only_rel_error,powermean_rel_error,max_offset_rel_error,powermean_offset_rel_error,multiwave_offset_rel_error
1.0,,,2.055816097,0.43925,0.969994,2.45175,239.299,0.347,165.401,0.468,0.05982475,0.060624625,0.1323208,0.252770175,0.1323208,0.2286803,0.1820760857,1.737744574,1.685374128,2.412453005,1.1208214,1.234094674,1.340194195,,1.0,0.0,0.0,8.0,4.0,6.0,4000.0,4000.0,1250.0,16.0,1.5,0.36,1.036958934,1.082529455,,0.3,0.3,-0.4245414343,-0.04240267501,-0.5854841532,0.1208214001,0.2340946743,0.3401941946
2.0,,,3.448293406,1.419,12.5099875,16.644,3168.054,4.1335,0.129,1.3705,0.7920135,0.7818742188,0.0001032,1.573990919,0.7920135,1.259213375,1.249209097,1.109225454,1.445195294,1.135918722,1.231756399,1.134044465,1.141094697,,0.0,1.0,0.0,7.0,1.0,4.0,4000.0,4000.0,1250.0,16.0,1.5,0.36,3.785209615,4.566762367,,0.3,0.3,0.1092254537,-0.1952965337,-0.1196553231,-0.1881511628,0.1340444655,0.141094697
3.0,5.316472018,5.316472018,5.316472018,4.135,37.9996,0.533,0.047,0.076,0.014,0.055,1.175e-05,2.374975,1.12e-05,2.37499795,2.374975,2.3749862,2.374975034,1.741054134,1.605840833,1.741070934,1.511896818,1.511896799,1.511890627,,0.0,0.0,0.0,1.0,1.0,0.0,4000.0,4000.0,1250.0,16.0,1.5,0.36,3.947523026,5.454749091,,0.3,0.3,-0.4256353204,-0.3385792019,-0.4256408625,-0.3385792019,-0.3385791938,-0.3385764933
4.0,,,10.47617366,9.2125,58.46491825,13.46975,7764.59175,1.49925,3813.1825,3.35775,1.941147938,3.654057391,3.050546,8.645751328,3.654057391,7.526710263,6.086925814,1.065552275,2.390338043,1.513489778,2.295059364,1.428975649,1.168104278,1.0,0.0,0.0,1.0,18.0,18.0,17.0,4000.0,4000.0,1250.0,16.0,1.5,0.36,1.494846048,1.002150097,,0.3,0.3,-0.06151953019,-0.564281423,-0.3392753526,-0.564281423,-0.300198012,-0.1439120475
5.0,,,1.760867285,0.37125,0.2399945,0.97425,1013.4,0.198,0.871,0.04825,0.25335,0.01499965625,0.0006968,0.2690464563,0.25335,0.2540468,0.2558015982,1.37987322,1.726746947,1.451320096,1.652121212,1.658724844,1.653998114,1.0,1.0,1.0,0.0,13.0,4.0,6.0,4000.0,4000.0,1250.0,16.0,1.5,0.36,2.79469697,6.232058031,,0.3,0.3,-0.2752957407,0.01010008418,-0.3109721261,0.6521212121,0.6587248436,0.6539981145
6.0,1.281131354,2.055908009,1.668519682,0.337,0.489978,0.2475,44.8295,0.0365,2.036,0.0405,0.011207375,0.030623625,0.0016288,0.2,0.030623625,0.0350936,0.0352252667,1.685,1.461255325,9.566996409,1.159120549,1.172775272,1.17238457,,1.0,0.0,0.0,8.0,4.0,6.0,4000.0,4000.0,1250.0,16.0,1.5,0.36,8.526229452,7.447624691,,0.3,0.3,-0.4065281899,0.159120549,-0.8954739861,0.159120549,0.1727752721,0.1723845697
7.0,1.572304366,1.836426437,1.678203217,0.28,0.439987,2.489,27.711,0.2073333333,5.507,0.02233333333,0.00692775,0.0274991875,0.0044056,0.2,0.0274991875,0.03194715,0.0308904086,1.4,1.230773626,9.064302245,1.38392567,1.396037174,1.39981125,,1.0,0.0,0.0,5.0,1.0,4.0,4000.0,4000.0,1250.0,16.0,1.5,0.36,1.480358923,13.63010149,,0.3,0.3,-0.2857142857,0.3839256696,-0.8896771122,0.3839256696,0.3960371736,0.39981125
8.0,2.076933077,2.449455562,2.223184192,0.3423333333,0.279987,1.080666667,124.6753333,0.096,4.064333333,0.172,0.03116883333,0.0174991875,0.003251466667,0.2,0.03116883333,0.04218588333,0.04001012689,1.711666667,1.57395224,8.556167148,1.14265482,1.168481383,1.17483705,,1.0,0.0,0.0,6.0,2.0,4.0,4000.0,4000.0,1250.0,16.0,1.5,0.36,3.449675347,1.763089922,,0.3,0.3,-0.4157740993,0.1027240141,-0.8831252379,0.1426548199,0.1684813833,0.1748370497
9.0,,,3.077741923,1.4935,1.6449875,0.571,5255.851,0.19,,,1.31396275,0.1028117188,0.0,1.416774469,1.31396275,1.31396275,1.333066089,1.054155078,4.932107668,1.120349556,1.120832106,1.133623092,1.120832106,1.0,0.0,1.0,1.0,16.0,15.0,0.0,4000.0,4000.0,1250.0,16.0,1.5,0.36,8.494540789,,,0.3,0.3,-0.05137297037,-0.6901160236,-0.1074214338,0.1208321058,0.1336230925,0.1208321058
10.0,1.796934113,2.138537052,1.899018917,0.3615,0.959981,0.65175,3.93625,0.0845,1.2565,0.28225,0.0009840625,0.0599988125,0.0010052,0.2,0.0599988125,0.0610040125,0.06016944841,1.8075,1.390390966,6.008032475,1.161822441,1.162294463,1.164603077,,1.0,0.0,0.0,9.0,2.0,6.0,4000.0,4000.0,1250.0,16.0,1.5,0.36,3.561941568,1.066448893,,0.3,0.3,-0.4467496542,0.1618224412,-0.8335561593,0.1618224412,0.1622944631,0.1646030775
11.0,,,4.220017668,2.6395,8.229963,6.29925,1656.79475,0.73875,846.914,1.4395,0.4141986875,0.5143726875,0.6775312,1.606102575,0.6775312,1.4203883,1.124953976,1.643419319,3.694850106,2.34631821,2.544019881,1.777496166,1.482541758,,0.0,0.0,0.0,12.0,8.0,11.0,4000.0,4000.0,1250.0,16.0,1.5,0.36,1.034376026,1.472587269,,0.3,0.3,-0.3915125687,-0.6687354849,-0.5738003499,-0.6069213109,-0.4374108822,-0.3254827429
12.0,1.324563733,1.71292032,1.518742027,0.3885,0.159988,0.2125,32.537,0.043,14.294,0.082,0.00813425,0.00999925,0.0114352,0.2,0.0114352,0.025942,0.02059855395,1.9425,1.850006607,18.86054725,1.045942872,1.020760578,1.006627939,,0.0,0.0,0.0,3.0,1.0,2.0,4000.0,4000.0,1250.0,16.0,1.5,0.36,7.165912791,3.797990244,,0.3,0.3,-0.4851994852,-0.04762097812,-0.9469792691,-0.04392483912,-0.02033834247,-0.006584298584
13.0,2.118661596,3.989964024,3.05431281,0.673,8.179979,5.043,142.57,0.513,25.108,1.012,0.0356425,0.5112486875,0.0200864,0.5669775875,0.5112486875,0.5313350875,0.5201384339,1.186995773,1.056833117,1.293886312,1.294574573,1.307783706,1.324420635,,0.0,0.0,0.0,1.0,1.0,0.0,4000.0,4000.0,1250.0,16.0,1.5,0.36,1.528411926,3.161646355,,0.3,0.3,-0.1575370171,0.2945745728,-0.2271345708,0.2945745728,0.3077837056,0.3244206352
14.0,16.85566942,17.79209867,17.38310572,5.728333333,77.00660467,28.14033333,7948.379667,3.670666667,2329.626,12.95,1.987094917,4.812912792,1.8637008,8.663708508,4.812912792,7.303706967,6.3242093,1.51243093,1.142715537,1.104022572,1.107370946,1.166868077,1.337859814,1.0,0.0,1.0,1.0,31.0,9.0,17.0,4000.0,4000.0,1250.0,16.0,1.5,0.36,1.604947237,5.985115872,,0.3,0.3,0.5124309296,-0.09696023422,0.104022572,-0.09696023422,0.1668680768,0.3378598138
15.0,1.369048598,1.918978557,1.589279944,0.3156666667,0.1066603333,0.8136666667,150.438,0.1196666667,62.25566667,0.1583333333,0.0376095,0.006666270833,0.04980453333,0.2,0.04980453333,0.08765284583,0.07108569874,1.578333333,1.52742228,4.440649417,1.298219219,1.365635793,1.418118836,,1.0,0.0,0.0,4.0,1.0,3.0,4000.0,4000.0,1250.0,16.0,1.5,0.36,2.821249304,2.209291789,,0.3,0.3,-0.3664202746,0.161561576,-0.7748077125,0.2982192186,0.3656357933,0.4181188358
16.0,3.337228523,3.677239144,3.44776216,2.00675,20.039984,4.2565,2808.81,1.51775,1211.89,1.66775,0.7022025,1.252499,0.969512,2.9242135,1.252499,2.5332732,2.054480954,1.457188738,1.381584428,1.023785202,1.244496896,1.203179745,1.441770624,,0.0,0.0,1.0,8.0,3.0,5.0,4000.0,4000.0,1250.0,16.0,1.5,0.36,1.514414502,1.313693766,,0.3,0.3,0.457188738,-0.1964624393,0.02378520172,-0.1964624393,0.2031797451,0.4417706241
17.0,,,1.769243633,0.35875,0.124992,1.145,268.089,0.1465,0.012,0.03425,0.06702225,0.007812,9.6e-06,0.2,0.06702225,0.06703185,0.0687887813,1.79375,1.726319943,5.215239945,1.190305923,1.195230052,1.190332683,,1.0,0.0,0.0,8.0,1.0,7.0,4000.0,4000.0,1250.0,16.0,1.5,0.36,2.505271331,8.75940438,,0.3,0.3,-0.4425087108,0.02525993031,-0.8082542681,0.1903059233,0.1952300524,0.1903326829
18.0,,,1.902560995,0.475,0.61998375,1.70725,207.89925,0.24875,135.071,0.315,0.0519748125,0.03874898438,0.1080568,0.2,0.1080568,0.1806358375,0.1446197063,2.375,1.989537259,3.284476314,1.014834097,1.062357277,1.138180711,1.0,1.0,0.0,0.0,7.0,1.0,6.0,4000.0,4000.0,1250.0,16.0,1.5,0.36,1.414974121,1.295418413,,0.3,0.3,-0.5789473684,-0.1605284539,-0.6955374603,-0.01461726316,0.06235727651,0.1381807105
19.0,2.557151017,2.557151017,2.557151017,0.442,0.279988,0.353,13.153,0.062,10.252,0.059,0.00328825,0.01749925,0.0082016,0.2,0.01749925,0.02570085,0.02192385805,2.21,2.032190916,20.16068518,1.170863253,1.157298741,1.145965844,,1.0,0.0,0.0,6.0,1.0,5.0,4000.0,4000.0,1250.0,16.0,1.5,0.36,4.891745968,5.223755932,,0.3,0.3,-0.5475113122,-0.1459292986,-0.9503985112,-0.1459292986,-0.1359188732,-0.1273736425
20.0,1.324552392,1.324552392,1.324552392,0.368,0.5,0.239,45.488,0.045,8.915,0.073,0.011372,0.03125,0.007132,0.2,0.03125,0.0412296,0.03776612391,1.84,1.591351351,9.744182401,1.063179348,1.080886206,1.090297826,,1.0,0.0,0.0,3.0,1.0,2.0,4000.0,4000.0,1250.0,16.0,1.5,0.36,6.919377778,4.207287671,,0.3,0.3,-0.4565217391,0.06317934783,-0.8973746633,0.06317934783,0.08088620629,0.09029782609
21.0,4.29123341,4.907793445,4.602268023,3.223666667,34.81332633,25.19633333,68.892,3.15,40.213,3.145333333,0.017223,2.175832896,0.0321704,2.225226296,2.175832896,2.208003296,2.179460771,1.448691611,1.356857493,1.47911204,1.271245701,1.269429598,1.2553203,,1.0,0.0,0.0,4.0,1.0,3.0,4000.0,4000.0,1250.0,16.0,1.5,0.36,9.929923114,9.469035571,,0.3,0.3,-0.3097219639,-0.2133700044,-0.3239186936,-0.2133700044,-0.2122446165,-0.2033905607
22.0,3.472049905,4.25580547,3.839376066,2.056,17.43998267,12.94966667,970.545,1.440666667,14.545,1.423333333,0.24263625,1.089998917,0.011636,1.344271167,1.089998917,1.101634917,1.165815328,1.529453321,1.593799788,1.763572627,1.417932094,1.347476305,1.40664401,,0.0,0.0,0.0,4.0,1.0,3.0,4000.0,4000.0,1250.0,16.0,1.5,0.36,2.654939965,4.567294322,,0.3,0.3,-0.3461716115,-0.2947476086,-0.4329691986,-0.2947476086,-0.2578719223,-0.2890880756
23.0,11.97393272,12.56563226,12.24022217,10.418,134.9649603,96.93075,9815.38225,7.7225,1319.7965,9.586,2.453845563,8.435310016,1.0558372,11.94499278,8.435310016,9.767161663,9.531772778,1.146572545,1.206441921,1.092976117,1.184494916,1.053198475,1.028718643,3.0,0.0,0.0,1.0,18.0,8.0,11.0,4000.0,4000.0,1250.0,16.0,1.5,0.36,2.804260379,7.070170371,,0.3,0.3,0.1465725454,-0.1557583014,-0.08506692478,-0.1557583014,-0.05051134789,-0.02791690704
24.0,5.522773705,6.836749951,6.179761828,4.1745,40.469946,34.583,10309.966,3.1465,190.456,6.191,2.5774915,2.529371625,0.1523648,5.259227925,2.5774915,4.2378553,4.073079689,1.259846191,1.529472924,1.024900154,1.421110495,1.061942673,1.101414613,1.0,0.0,0.0,1.0,7.0,3.0,5.0,4000.0,4000.0,1250.0,16.0,1.5,0.36,1.093487157,13.68585708,,0.3,0.3,0.2598461912,-0.3078520481,-0.02429519968,-0.2963249491,0.06194267312,0.1014146125
25.0,1.794056306,2.488265849,2.124801167,0.381,0.2266543333,1.178666667,402.8343333,0.121,0.002,0.1013333333,0.1007085833,0.01416589583,1.6e-06,0.2,0.1007085833,0.1007101833,0.1042200962,1.905,1.77899473,3.655724891,1.20920888,1.218425449,1.20921308,1.0,1.0,0.0,0.0,8.0,1.0,7.0,4000.0,4000.0,1250.0,16.0,1.5,0.36,3.311641185,2.960542105,,0.3,0.3,-0.4750656168,-0.01793728128,-0.7264564403,0.2092088801,0.2184254494,0.2092130796
26.0,1.239728833,1.239728833,1.239728833,0.35,0.3,1.237,18.986,0.103,5.392,0.015,0.0047465,0.01875,0.0043136,0.2,0.01875,0.0231108,0.02161464368,1.75,1.6,16.19272588,1.082142857,1.090327553,1.094602286,,1.0,0.0,0.0,5.0,1.0,4.0,4000.0,4000.0,1250.0,16.0,1.5,0.36,2.958703883,20.28757333,,0.3,0.3,-0.4285714286,0.08214285714,-0.9382438752,0.08214285714,0.09032755337,0.09460228571
27.0,2.064251129,2.451260111,2.25775562,0.2965,0.349987,1.954,7.431,0.1625,3.369,0.015,0.00185775,0.0218741875,0.0026952,0.2,0.0218741875,0.0245693875,0.02285491551,1.4825,1.336342922,12.97313919,1.287939924,1.291247607,1.297029975,,1.0,0.0,0.0,5.0,1.0,4.0,4000.0,4000.0,1250.0,16.0,1.5,0.36,1.857586154,20.17968,,0.3,0.3,-0.3254637437,0.2879399241,-0.9229176543,0.2879399241,0.2912476071,0.2970299747
28.0,3.125863321,3.98583992,3.587003128,1.754666667,9.41497975,1.21,405.584,0.39,2.158333333,0.3736666667,0.101396,0.5884362344,0.001726666667,0.691558901,0.5884362344,0.590162901,0.6162330284,2.53726279,2.225502317,2.847407695,1.850062875,1.797385067,1.846700881,3.0,0.0,0.0,0.0,6.0,6.0,0.0,4000.0,4000.0,1250.0,16.0,1.5,0.36,1.029220513,1.238427716,,0.3,0.3,-0.6058744865,-0.45947783,-0.6488033653,-0.45947783,-0.443636192,-0.4584937874
29.0,1.48729649,1.834010294,1.61795541,0.3276666667,6.11999,1.575,98.373,0.1706666667,0.006,0.01266666667,0.02459325,0.382499375,4.8e-06,0.407097425,0.382499375,0.382504175,0.3866455273,1.242413301,1.777719354,1.179996523,2.266020473,2.278674041,2.266035122,,1.0,0.0,0.0,8.0,1.0,7.0,4000.0,4000.0,1250.0,16.0,1.5,0.36,1.901913574,23.68458947,,0.3,0.3,0.2424133011,1.266020473,0.1799965228,1.266020473,1.278674041,1.266035122
30.0,1.937544472,1.937544472,1.937544472,0.37475,0.07499425,0.4495,61.52025,0.0665,27.23933333,0.1323333333,0.0153800625,0.004687140625,0.02179146667,0.2,0.02179146667,0.03844580729,0.03095076633,1.87375,1.830842909,12.1079393,1.018789771,1.043230864,1.063230973,,1.0,0.0,0.0,11.0,4.0,9.0,4000.0,4000.0,1250.0,16.0,1.5,0.36,4.742557331,2.431673552,,0.3,0.3,-0.4663108739,-0.02685219313,-0.9174095628,0.01878977096,0.04323086414,0.06323097343
31.0,2.248502998,3.057076195,2.586812753,0.5156666667,0.239991,0.4693333333,216.111,0.06566666667,93.977,0.106,0.05402775,0.0149994375,0.0751816,0.2,0.0751816,0.1328062375,0.1070178947,2.578333333,2.398455887,4.818508796,1.184945932,1.104168968,1.046388271,,1.0,0.0,0.0,12.0,6.0,11.0,4000.0,4000.0,1250.0,16.0,1.5,0.36,5.391285533,3.539449057,,0.3,0.3,-0.6121525533,-0.2727871283,-0.7924669141,-0.156079638,-0.09434151004,-0.04433179541
32.0,1.0,4273735.0,12.26892339,0.311,0.79988,3.44,116.278,0.172,,,0.0290695,0.0499925,0.0,0.2,0.0499925,0.0632496,0.06385035942,1.555,1.244037321,4.870763498,1.318303859,1.362862892,1.36093119,,1.0,0.0,0.0,7.0,3.0,6.0,4000.0,4000.0,1250.0,16.0,1.5,0.36,1.913194767,,,0.3,0.3,-0.3569131833,0.3183038585,-0.7946933781,0.3183038585,0.362862892,0.3609311897
33.0,0.8,0.8,0.8,0.364,0.3999783333,0.897,132.286,0.096,54.97433333,0.1553333333,0.0330715,0.02499864583,0.04397946667,0.2,0.04397946667,0.09043558333,0.07167714144,1.82,1.617787514,5.078327521,1.1098337,1.185926213,1.237460394,,1.0,0.0,0.0,16.0,7.0,12.0,4000.0,4000.0,1250.0,16.0,1.5,0.36,3.469494792,2.214460086,,0.3,0.3,-0.4505494505,0.05768858745,-0.8030847763,0.1098336996,0.1859262127,0.2374603938
34.0,,4277053.0,1.536733416,0.377,0.039992,0.248,1.177,0.034,0.46,0.056,0.00029425,0.0024995,0.000368,0.2,0.0024995,0.0028675,0.002658441495,1.885,1.861732992,141.8124118,1.040001434,1.039545635,1.038946723,,0.0,0.0,0.0,2.0,1.0,1.0,4000.0,4000.0,1250.0,16.0,1.5,0.36,8.832183824,5.363714286,,0.3,0.3,-0.4694960212,-0.03846286472,-0.992948431,-0.03846286472,-0.03804126924,-0.0374867374
35.0,3.37185142,3.710691746,3.485103087,1.92,7.833298,6.438333333,1153.268,1.225666667,282.8426667,1.721666667,0.288317,0.489581125,0.2262741333,1.004172258,0.489581125,0.8485926333,0.7153310177,1.912022548,2.784298947,2.684072062,2.259937213,1.785496715,1.588624609,,0.0,0.0,0.0,9.0,1.0,5.0,4000.0,4000.0,1250.0,16.0,1.5,0.36,2.083343957,3.271425589,,0.3,0.3,-0.4769936155,-0.5575098307,-0.6274317616,-0.5575098307,-0.4399317616,-0.3705246701
36.0,1.518114385,2.136058827,1.826479205,0.376,6.21999,1.663333333,126.4173333,0.1846666667,0.092,0.1933333333,0.03160433333,0.388749375,7.36e-05,0.4204273083,0.388749375,0.388822975,0.3947345727,1.118157735,1.565822806,1.049825991,1.991354721,2.0072728,1.991550465,1.0,1.0,0.0,0.0,4.0,1.0,3.0,4000.0,4000.0,1250.0,16.0,1.5,0.36,1.795691336,1.552104828,,0.3,0.3,0.1181577349,0.9913547207,0.04982599114,0.9913547207,1.0072728,0.9915504654
37.0,1.220930595,1.539172946,1.380051771,0.387,0.4,0.244,0.01,0.027,0.0,0.019,2.5e-06,0.025,0.0,0.2,0.025,0.025,0.02500001667,1.935,1.72,15.47998968,1.005194805,1.005194762,1.005194805,,1.0,0.0,0.0,4.0,1.0,3.0,4000.0,4000.0,1250.0,16.0,1.5,0.36,11.1112037,15.78947368,,0.3,0.3,-0.4832041344,-0.005167958656,-0.9354004737,-0.005167958656,-0.00516791559,-0.005167958656
38.0,4.422926865,4.906699633,4.703489715,3.19175,15.5749415,6.933,1922.09325,1.1555,1031.04825,3.8585,0.4805233125,0.9734338438,0.8248386,2.278795756,0.9734338438,1.988004325,1.609882804,1.400630132,2.720008475,1.982597735,2.393632061,1.620274056,1.359345878,,0.0,0.0,1.0,9.0,4.0,6.0,4000.0,4000.0,1250.0,16.0,1.5,0.36,1.480417025,3.430269907,,0.3,0.3,-0.2860356368,-0.5822248473,-0.4956112465,-0.5822248473,-0.3828204578,-0.2643520561
39.0,3.066492638,4.804270208,4.053378637,0.98,3.573281333,7.933333333,408.806,0.489,4.47,0.4263333333,0.1022015,0.2233300833,0.003576,0.3291075833,0.2233300833,0.2640012667,0.2675972395,2.977749677,2.314978402,3.662220141,1.68000936,1.561511011,1.570509633,,0.0,1.0,0.0,8.0,2.0,7.0,4000.0,4000.0,1250.0,16.0,1.5,0.36,1.215808494,1.404371009,,0.3,0.3,-0.6641759354,-0.4047652211,-0.7269415924,-0.4047652211,-0.3595946536,-0.3632640136
40.0,1.225081834,1.530009815,1.377545825,0.3935,0.09999,0.7445,199.442,0.115,1.412,0.0265,0.0498605,0.006249375,0.0011296,0.2,0.0498605,0.0509901,0.05143643831,1.9675,1.907884569,7.650218657,1.041576874,1.0455818,1.044447522,,1.0,0.0,0.0,5.0,1.0,3.0,4000.0,4000.0,1250.0,16.0,1.5,0.36,3.042265217,11.36338113,,0.3,0.3,-0.4917407878,-0.06925190597,-0.8692847819,0.04157687421,0.04558180003,0.04444752224
41.0,,4277107.0,1.26523695,0.367,0.4,0.138,0.118,0.016,0.022,0.025,2.95e-05,0.025,1.76e-05,0.2,0.025,0.0250176,0.02500098688,1.835,1.631111111,14.67942053,1.049046322,1.049049011,1.049094278,,0.0,0.0,0.0,3.0,3.0,2.0,4000.0,4000.0,1250.0,16.0,1.5,0.36,,,,0.3,0.3,,,,,,
43.0,1.340971646,4.914063713,2.595636544,1.494333333,1.733323333,3.841333333,343.684,0.4316666667,0.066,0.4093333333,0.085921,0.1083327083,5.28e-05,0.2,0.1083327083,0.1554557667,0.1546929935,7.471666667,4.84649631,9.659993641,3.190751589,2.903348894,2.899052508,,1.0,0.0,0.0,3.0,1.0,2.0,4000.0,4000.0,1250.0,16.0,1.5,0.36,1.11853635,1.364204344,,0.3,0.3,-0.8661610529,-0.686594217,-0.8964802631,-0.686594217,-0.6555701583,-0.6550597145
44.0,1.834003025,2.145965551,1.912749119,0.5145,0.17998825,1.1675,23.8025,0.15425,15.395,0.22575,0.005950625,0.01124926563,0.012316,0.2,0.012316,0.0260759125,0.02088837507,2.5725,2.435511425,24.63092502,1.381890652,1.350789453,1.332639472,,1.0,0.0,0.0,3.0,1.0,2.0,4000.0,4000.0,1250.0,16.0,1.5,0.36,1.983472447,1.383459579,,0.3,0.3,-0.6112730807,-0.2784270833,-0.9594006315,-0.2763537415,-0.2596921767,-0.2496094995
45.0,1.528828246,1.534733245,1.530609068,0.317,1.819981,0.73775,141.647,0.08525,83.896,0.1255,0.03541175,0.1137488125,0.0671168,0.2162773625,0.1137488125,0.18644525,0.1573479128,1.465710495,1.01036239,2.014643819,1.494475749,1.632012343,1.72380205,,0.0,0.0,0.0,6.0,4.0,3.0,4000.0,4000.0,1250.0,16.0,1.5,0.36,3.93444868,2.925233466,,0.3,0.3,-0.3177370268,0.4944757492,-0.5036343444,0.4944757492,0.6320123433,0.7238020505
46.0,1.837213056,2.462445532,2.165272881,0.759,3.514985,5.868,201.38575,0.62925,52.516,0.632,0.0503464375,0.2196865625,0.0420128,0.3120458,0.2196865625,0.2616993625,0.2471610126,2.432335253,1.808492498,3.070872675,1.309328263,1.250080266,1.220847319,,1.0,0.0,0.0,6.0,1.0,4.0,4000.0,4000.0,1250.0,16.0,1.5,0.36,1.796079345,1.847884056,,0.3,0.3,-0.5888724638,-0.2362495883,-0.6743596672,-0.2362495883,-0.2000513668,-0.1808967556
47.0,5.435909646,10.12738073,6.800077174,5.69275,40.82496325,43.3015,2276.496,3.8075,289.38225,7.3895,0.569124,2.551560203,0.2315058,3.352190003,2.551560203,2.783066003,2.772523127,1.698218178,2.068917116,2.053274126,1.95522318,1.817305019,1.811209181,,0.0,0.0,0.0,7.0,1.0,6.0,4000.0,4000.0,1250.0,16.0,1.5,0.36,4.380847842,13.90295271,,0.3,0.3,-0.4111475116,-0.4885494351,-0.5129729696,-0.4885494351,-0.4497346402,-0.4478826572
,,,,,,,,,,,,,,0.2,,0.0,,,,,,,,,0.0,0.0,1.0,10.0,2.0,8.0,,,,,,0.36,,,,0.3,0.3,,,,,,
49.0,1.513207923,1.855053619,1.684130771,0.3035,0.458,0.442,109.525,0.061,0.634,0.0315,0.02738125,0.028625,0.0005072,0.2,0.028625,0.0453122,0.04449377971,1.5175,1.327501367,6.821178195,1.280477759,1.332763689,1.335460297,,0.0,0.0,0.0,1.0,1.0,0.0,4000.0,4000.0,1250.0,16.0,1.5,0.36,5.366905738,9.539911111,,0.3,0.3,-0.3410214168,0.2804777595,-0.8533977604,0.2804777595,0.3327636893,0.3354602965
50.0,1.638552229,3.357162552,2.422977105,0.6645,3.879987,7.15075,11.208,0.608,0.131,0.57875,0.002802,0.2424991875,0.0001048,0.2454059875,0.2424991875,0.2426039875,0.2427013941,2.707757894,1.501697673,2.737932357,1.102906052,1.102536026,1.102714243,,1.0,1.0,0.0,9.0,7.0,6.0,4000.0,4000.0,1250.0,16.0,1.5,0.36,2.007912761,1.92849298,,0.3,0.3,-0.6306907637,-0.09330445824,-0.6347608817,-0.09330445824,-0.09300015933,-0.09314674567
51.0,5.01871636,5.827312784,5.397175967,3.61475,26.099964,15.47575,3738.78025,1.40675,2027.04,1.884,0.9346950625,1.63124775,1.621632,4.187574813,1.63124775,3.67438625,2.944308147,1.158468722,1.97392734,1.227707774,1.815319063,1.093950636,1.116089979,,0.0,0.0,0.0,5.0,1.0,4.0,4000.0,4000.0,1250.0,16.0,1.5,0.36,1.139350146,1.019974522,,0.3,0.3,0.1584687219,-0.4491326509,-0.1854739202,-0.4491326509,-0.08588197059,0.1160899786
,,,,,,,,,,,,,,0.2,,0.0,,,,,,,,,0.0,0.0,1.0,4.0,2.0,2.0,,,,,,0.36,,,,0.3,0.3,,,,,,
,,,,,,,,,,,,,,0.2,,,,,,,,,,,,,,,,,,,,,,,,,,,,,,,,,
54.0,1.603163041,1.603163041,1.603163041,0.325,0.3,0.345,0.672,0.061,0.132,0.074,0.000168,0.01875,0.0001056,0.2,0.01875,0.0188556,0.01876588154,1.625,1.485714286,17.31866416,1.165384615,1.165433482,1.165709538,,1.0,0.0,0.0,4.0,1.0,3.0,4000.0,4000.0,1250.0,16.0,1.5,0.36,4.920786885,700.7575758,,0.3,0.3,-0.3846153846,0.1653846154,-0.942258826,0.1653846154,0.1654334817,0.1657095385
55.0,1.832675022,1.832675022,1.832675022,0.256,0.039992,0.286,2.806,0.035,0.044,0.02,0.0007015,0.0024995,3.52e-05,0.2,0.0024995,0.002596,0.002744148294,1.28,1.264200652,93.28941901,1.416013672,1.416969329,1.416390625,2.0,0.0,0.0,0.0,11.0,5.0,7.0,4000.0,4000.0,1250.0,16.0,1.5,0.36,8.591471429,15.00176,,0.3,0.3,-0.21875,0.4160136719,-0.9892806707,0.4160136719,0.4169693293,0.416390625
56.0,0.35,0.35,0.35,0.395,0.039992,0.1765,87.7625,0.028,17.1585,0.046,0.021940625,0.0024995,0.0137268,0.2,0.021940625,0.035667425,0.02917440896,1.975,1.9506221,13.53926314,1.03419216,1.014969101,1.001689684,2.0,1.0,0.0,0.0,3.0,1.0,2.0,4000.0,4000.0,1250.0,16.0,1.5,0.36,11.49787946,6.820147826,,0.3,0.3,-0.4936708861,-0.08227974684,-0.9261407368,-0.03306170886,-0.01474833174,0.001689683544
57.0,4.291108315,4.398094766,4.340304515,2.85825,18.04496025,26.74,1688.38275,2.478,528.981,4.67275,0.4220956875,1.127810016,0.4231848,1.973090503,1.127810016,1.663109363,1.450669168,1.448615761,2.152604639,1.970297613,1.921112219,1.578560043,1.41280054,,1.0,0.0,0.0,16.0,4.0,9.0,4000.0,4000.0,1250.0,16.0,1.5,0.36,3.43167816,6.461349851,,0.3,0.3,-0.3096858207,-0.4794682006,-0.4924624619,-0.4794682006,-0.366511268,-0.292186001
,,,,,,,,,,,,,,0.2,,,,,,,,,,,0.0,0.0,0.0,10.0,2.0,8.0,,,,,,0.36,,,,0.3,0.3,,,,,,
59.0,3.678366107,18.3316561,6.969729571,2.003,21.5039912,17.4276,3185.8044,1.9532,29.087,3.856,0.7964511,1.34399945,0.0232696,2.16372015,1.34399945,1.73563004,1.728472734,1.080239715,1.297280255,1.158826495,1.175469863,1.042672359,1.046245652,,0.0,1.0,0.0,14.0,6.0,11.0,4000.0,4000.0,1250.0,16.0,1.5,0.36,1.781383593,11.92812439,,0.3,0.3,0.08023971543,-0.1492763605,-0.1370580459,-0.1492763605,0.04267235851,0.04624565152
60.0,0.879,0.879,0.879,0.3903333333,0.06665366667,0.5263333333,183.6916667,0.071,56.82733333,0.11,0.04592291667,0.004165854167,0.04546186667,0.2,0.04592291667,0.09138478333,0.07319667134,1.951666667,1.911844343,5.332665081,1.039939155,1.109812138,1.156408497,3.0,0.0,1.0,0.0,8.0,1.0,6.0,4000.0,4000.0,1250.0,16.0,1.5,0.36,4.872153756,3.140562424,,0.3,0.3,-0.487617421,-0.06703880231,-0.8124765038,0.03993915457,0.1098121384,0.156408497
,,,,,,,,,,,,,,0.2,,0.0,,,,,,,,,1.0,0.0,0.0,16.0,4.0,9.0,,,,,,0.36,,,,0.3,0.3,,,,,,
62.0,,1.524235834,2.406247043,0.8067316353,0.896,0.679981,5.914666667,203.2656667,0.332,0.155,0.001478666667,0.056,0.0002656,0.2,0.056,0.0562656,0.05617224629,4.033658177,3.151295451,14.36174781,1.939258739,1.938456114,1.938021387,,1.0,0.0,0.0,13.0,2.0,11.0,4000.0,4000.0,1250.0,16.0,1.5,0.36,674.2290223,1.937197419,,0.3,0.3,-0.7520860826,-0.4843390518,-0.9303705919,-0.4843390518,-0.4841255406,-0.4840098221
63.0,,1.520178734,1.801273344,1.619349216,1.839987,0.293319,1.114,26.63733333,0.102,0.237,0.0002785,0.1149991875,8.16e-05,0.2,0.1149991875,0.1150807875,0.1150097733,8.09674608,5.140804422,14.08010094,3.409162076,3.409086101,3.408576517,,1.0,0.0,0.0,6.0,1.0,5.0,4000.0,4000.0,1250.0,16.0,1.5,0.36,88.70875981,1.266167089,,0.3,0.3,-0.8764935951,-0.70667279,-0.9289777819,-0.70667279,-0.706666253,-0.7066223994
64.0,3.878904387,4.703984739,4.284778645,1.7925,3.5399775,10.4705,2243.527,0.8905,2.035,0.0975,0.56088175,0.2212485938,0.001628,0.7837583438,0.56088175,0.6391707313,0.6501187107,2.287056992,4.255207083,2.757188757,1.946503989,1.774543904,1.793987698,,1.0,0.0,0.0,4.0,1.0,3.0,4000.0,4000.0,1250.0,16.0,1.5,0.36,1.034404551,3.093620513,,0.3,0.3,-0.5627568515,-0.6757330021,-0.6373117374,-0.4862584379,-0.4364749173,-0.4425825767
65.0,3.070856893,3.381239565,3.252906961,2.014333333,5.286655667,9.851666667,1075.606,0.9763333333,326.168,0.8653333333,0.2689015,0.3304159792,0.2609344,0.8602518792,0.3304159792,0.7403883833,0.5981927437,2.341562259,3.797648284,3.367365042,2.917564764,2.102221444,1.830565793,1.0,0.0,1.0,0.0,38.0,3.0,36.0,4000.0,4000.0,1250.0,16.0,1.5,0.36,1.716172893,1.54266405,,0.3,0.3,-0.5729346951,-0.6572483969,-0.7030318995,-0.6572483969,-0.5243127203,-0.4537208092
65.0,2.798641169,2.798641169,2.798641169,1.018,5.339991,9.914,1075.606,0.998,326.168,0.865,0.2689015,0.3337494375,0.2609344,0.8635853375,0.3337494375,0.74305515,0.6006738613,1.178806489,1.907261963,1.694763274,1.467388577,1.059672841,1.083551228,3.0,0.0,0.0,0.0,6.0,2.0,4.0,4000.0,4000.0,1250.0,16.0,1.5,0.36,1.754257987,1.542069804,,0.3,0.3,-0.1516843443,-0.318517252,-0.409947091,-0.318517252,-0.05631251343,0.0835512279
66.0,1.836008148,2.462206987,2.144132683,0.4106666667,0.2533173333,2.373,139.73,0.164,0.062,0.1536666667,0.0349325,0.01583233333,4.96e-05,0.2,0.0349325,0.04098825,0.04171979615,2.053333333,1.902711518,9.843448543,1.039840141,1.022271421,1.02413641,,1.0,0.0,0.0,10.0,3.0,8.0,4000.0,4000.0,1250.0,16.0,1.5,0.36,2.042271341,1.952600434,,0.3,0.3,-0.512987013,-0.08482386364,-0.8984095873,-0.03831371753,-0.02178621067,-0.02356757305
67.0,46.04887561,56.62134019,49.59572956,47.525,297.675972,312.753,23817.9142,40.5572,12096.809,51.8722,5.95447855,18.60474825,9.6774472,34.236674,18.60474825,29.32482864,24.98445786,1.388131335,2.527287224,1.902182559,2.505965245,1.875163409,1.600986166,3.0,0.0,1.0,1.0,4.0,1.0,3.0,4000.0,4000.0,1250.0,16.0,1.5,0.36,6.484505411,5.198945077,,0.3,0.3,-0.27960707,-0.6009521673,-0.4742881039,-0.6009521673,-0.4667131434,-0.3753849839
68.0,1.739444912,2.450697521,2.051987314,0.61975,1.09997975,4.872,48.014,0.497,13.714,0.52275,0.0120035,0.06874873438,0.0109712,0.2,0.06874873438,0.07971993438,0.07487964635,3.09875,2.306057372,8.276614944,1.445485316,1.425106935,1.409419841,2.0,0.0,0.0,0.0,7.0,1.0,6.0,4000.0,4000.0,1250.0,16.0,1.5,0.36,1.592930849,1.681023838,,0.3,0.3,-0.6772892295,-0.308190828,-0.8791776582,-0.308190828,-0.2982982713,-0.2904882059
69.0,,4274185.0,,0.372,0.399992,0.024,0.26,0.014,,,6.5e-05,0.0249995,0.0,0.2,0.0249995,0.0249995,0.02500170955,1.86,1.653337007,14.87898255,1.034944892,1.034950832,1.034944892,,1.0,0.0,0.0,25.0,10.0,20.0,4000.0,4000.0,1250.0,16.0,1.5,0.36,21.43321429,,,0.3,0.3,-0.4623655914,0.03494489247,-0.9327911034,0.03494489247,0.03495083212,0.03494489247
70.0,2.141320026,3.460648651,2.548714182,0.763,2.069979,5.1545,1290.588,0.4355,0.006,1.1255,0.322647,0.1293736875,4.8e-06,0.4520254875,0.322647,0.3680113125,0.3751787589,1.687957916,2.31651777,2.033697223,1.117707981,1.037842825,1.048060637,,0.0,0.0,0.0,6.0,2.0,4.0,4000.0,4000.0,1250.0,16.0,1.5,0.36,1.429729047,3.751606641,,0.3,0.3,-0.4075681684,-0.3586190203,-0.5082847197,-0.1053119266,-0.03646296344,-0.04585673329
71.0,2.829695935,6.240840211,3.974389486,1.948,3.159973,5.547,11.577,0.03475,3.589,0.00975,0.00289425,0.1974983125,0.0028712,0.2032637625,0.1974983125,0.2003695125,0.1979624103,9.583606916,4.900649735,9.840251981,3.49418098,3.491274616,3.476277629,,0.0,0.0,0.0,8.0,1.0,5.0,4000.0,4000.0,1250.0,16.0,1.5,0.36,8.716381295,31.06371282,,0.3,0.3,-0.8956551527,-0.7138099012,-0.8983765861,-0.7138099012,-0.713571658,-0.7123359792
72.0,6.678273618,7.145386702,6.908250582,5.64775,68.869967,72.7175,4912.307,4.84775,133.033,0.42375,1.22807675,4.304372938,0.1064264,5.638876088,4.304372938,4.53238615,4.741905036,1.001573702,1.253837122,1.191029756,1.210827281,1.10698846,1.154395795,3.0,0.0,0.0,1.0,11.0,1.0,8.0,4000.0,4000.0,1250.0,16.0,1.5,0.36,3.172451907,1.0426242,,0.3,0.3,-0.001571229693,-0.1741183768,-0.1603904146,-0.1741183768,-0.09664821637,-0.1337459785
73.0,1.517341513,2.142074921,1.763480454,0.36425,0.9999845,3.318,7.258,0.28275,1.40825,0.55025,0.0018145,0.06249903125,0.0011266,0.2,0.06249903125,0.06362563125,0.0628056082,1.82125,1.387624169,5.799641313,1.159914979,1.160756646,1.16300791,,1.0,0.0,0.0,5.0,1.0,4.0,4000.0,4000.0,1250.0,16.0,1.5,0.36,1.067425287,1.827304529,,0.3,0.3,-0.4509265614,0.1599149794,-0.8275755437,0.1599149794,0.1607566457,0.1630079101
74.0,3.061681613,3.625347893,3.283015895,1.79375,2.3649615,2.14425,1507.45225,0.238,624.65825,0.7945,0.3768630625,0.1478100938,0.4997266,1.024399756,0.4997266,0.9275894125,0.7437706758,1.751025407,5.157268384,2.411697662,2.086419101,1.625111121,1.393107137,,0.0,0.0,0.0,12.0,8.0,11.0,4000.0,4000.0,1250.0,16.0,1.5,0.36,2.843962447,1.006578477,,0.3,0.3,-0.4289060592,-0.7169002962,-0.5853543271,-0.5207099094,-0.384657463,-0.2821801185
75.0,3.6803828,4.61177256,4.161399435,2.27,5.89995725,4.9525,1851.11,0.60775,313.07,1.537,0.4627775,0.3687473281,0.250456,1.081980828,0.4627775,0.9156758625,0.7611671793,2.098003903,3.991227541,2.98226206,2.758947589,2.02467575,1.779448892,1.0,0.0,0.0,0.0,24.0,4.0,13.0,4000.0,4000.0,1250.0,16.0,1.5,0.36,1.255084327,2.792230442,,0.3,0.3,-0.5233564634,-0.6789659347,-0.664684062,-0.6375429515,-0.5060937536,-0.4380282544
76.0,1.837765105,2.720338289,2.376277986,0.8745,1.50498875,3.9065,113.325,0.44275,0.586,0.46,0.02833125,0.09406179688,0.0004688,0.2,0.09406179688,0.0983832375,0.1041820892,4.3725,2.973864709,8.393957218,1.9259493,1.883958947,1.907792276,,0.0,0.0,0.0,9.0,4.0,6.0,4000.0,4000.0,1250.0,16.0,1.5,0.36,1.348485714,1.530940983,,0.3,0.3,-0.7712978845,-0.4807755324,-0.880866679,-0.4807755324,-0.4692028711,-0.4758339194
77.0,1.657526317,2.429893244,2.076379961,0.3716666667,0.51999,0.625,279.2043333,0.05333333333,0.577,0.09566666667,0.06980108333,0.032499375,0.0004616,0.2,0.06980108333,0.0827822,0.08391861921,1.858333333,1.598570605,4.428893971,1.156415471,1.194399872,1.191342242,,1.0,0.0,0.0,16.0,7.0,10.0,4000.0,4000.0,1250.0,16.0,1.5,0.36,6.933770313,3.140713589,,0.3,0.3,-0.4618834081,0.05605213004,-0.7742099932,0.1564154709,0.1943998723,0.1913422422
78.0,8.895038774,9.83038148,9.42963555,7.71675,76.55493575,73.10875,6725.071,4.3225,1574.58,6.30375,1.68126775,4.784683484,1.259664,7.725615234,4.784683484,6.432424988,5.825302205,1.00114883,1.548092276,1.324695223,1.499946503,1.24759466,1.13608174,2.0,0.0,0.0,1.0,9.0,3.0,3.0,4000.0,4000.0,1250.0,16.0,1.5,0.36,2.181683924,4.041735912,,0.3,0.3,0.001148830061,-0.3333095559,-0.2451093784,-0.3333095559,-0.1984576143,-0.1197816454
79.0,1.833890727,2.447029038,2.135789501,0.71,3.71998325,7.29625,334.92625,0.6225,67.6455,1.214,0.0837315625,0.2324989531,0.0541164,0.3703469156,0.2324989531,0.3071008125,0.2809599333,1.917121407,1.641622471,2.527050714,1.198314354,1.107713545,1.064306903,,0.0,0.0,0.0,5.0,1.0,4.0,4000.0,4000.0,1250.0,16.0,1.5,0.36,1.622227778,3.428251276,,0.3,0.3,-0.4783846259,-0.1654944322,-0.604281784,-0.1654944322,-0.09723953052,-0.06042139085
80.0,2.141485739,3.561715864,2.719469139,0.7335,1.15498075,1.49025,887.149,0.2875,0.372,0.0415,0.22178725,0.07218629688,0.0002976,0.2942711469,0.22178725,0.2432179031,0.2484628771,2.492599114,2.694845436,2.952151277,1.260770153,1.205496716,1.215978498,,0.0,0.0,0.0,18.0,4.0,12.0,4000.0,4000.0,1250.0,16.0,1.5,0.36,1.814912174,7.236086747,,0.3,0.3,-0.5988123424,-0.4107889613,-0.6612639712,-0.206834015,-0.1704664252,-0.1776170373
81.0,1.922495921,2.559793699,2.24226608,0.79325,0.74498175,2.167,415.74125,0.307,158.969,0.63875,0.1039353125,0.04656135938,0.1271752,0.2776718719,0.1271752,0.2486537969,0.1992013526,2.856789183,3.217251892,3.982151676,1.628264329,1.418540918,1.303286045,,1.0,0.0,0.0,10.0,4.0,8.0,4000.0,4000.0,1250.0,16.0,1.5,0.36,1.315750204,1.495288116,,0.3,0.3,-0.6499566696,-0.4874738615,-0.7488794799,-0.3858491018,-0.2950502961,-0.2327087338
82.0,1.526292984,4.914030081,2.461718024,1.07425,5.38998075,3.78675,508.52225,0.48775,285.49425,0.8635,0.1271305625,0.3368737969,0.2283954,0.6923997594,0.3368737969,0.5995988875,0.4966489777,1.551488119,2.0009358,2.162996499,1.541527325,1.254014221,1.119478163,,1.0,0.0,0.0,4.0,1.0,3.0,4000.0,4000.0,1250.0,16.0,1.5,0.36,1.141922501,1.634192879,,0.3,0.3,-0.3554575198,-0.3512927188,-0.537678401,-0.3512927188,-0.2025608772,-0.1067266581
83.0,1.836886714,1.836886714,1.836886714,0.12325,0.019994,0.14325,61.38925,0.0125,2.193333333,0.01633333333,0.0153473125,0.001249625,0.001754666667,0.2,0.0153473125,0.01710197917,0.01597420638,1.622718053,1.632856998,7.715563267,3.0454143,3.05050066,3.059650947,,1.0,0.0,0.0,14.0,3.0,8.0,4000.0,4000.0,1250.0,16.0,1.5,0.36,25.227785,18.47477551,,0.3,0.3,0.6227180527,1.93103144,-0.8703918346,2.0454143,2.05050066,2.059650947
84.0,1.289365324,1.528033343,1.408699334,0.177,0.0499885,0.4265,1.847,0.0485,0.241,0.0465,0.00046175,0.00312428125,0.0001928,0.2,0.00312428125,0.00331708125,0.003272802943,1.129943503,1.147594809,54.08208288,2.051549612,2.052388717,2.052638877,,1.0,0.0,0.0,6.0,0.0,5.0,4000.0,4000.0,1250.0,16.0,1.5,0.36,6.195087629,6.45575914,,0.3,0.3,0.1299435028,1.051549612,-0.9815095879,1.051549612,1.052388717,1.052638877
85.0,1.834871769,2.440209432,2.124872714,0.574,2.379984,1.680666667,464.867,0.275,42.159,0.1476666667,0.11621675,0.148749,0.0337272,0.29869295,0.148749,0.2456998,0.2199904858,1.921705886,1.645882856,2.609203747,1.128257746,1.010436386,1.055226132,,1.0,0.0,0.0,8.0,1.0,7.0,4000.0,4000.0,1250.0,16.0,1.5,0.36,1.513515455,2.260003612,,0.3,0.3,-0.479629007,-0.1136777003,-0.6167413139,-0.1136777003,0.01043638648,0.0552261324
86.0,1.505571682,4.914030081,2.52220001,1.23275,5.2649805,3.8445,731.474,0.50975,367.8975,1.19275,0.1828685,0.3290612813,0.294318,0.8062477813,0.3290612813,0.703861825,0.566721648,1.528996456,2.330070341,2.175230123,1.789028108,1.33022683,1.158750104,,1.0,0.0,0.0,3.0,1.0,2.0,4000.0,4000.0,1250.0,16.0,1.5,0.36,1.055670436,2.00692222,,0.3,0.3,-0.3459762472,-0.4410372896,-0.5402785252,-0.4410372896,-0.248248511,-0.137001156
87.0,4.544932082,4.914030081,4.713106912,3.3955,18.8149395,10.346,2031.28175,1.29325,1141.96775,2.80725,0.5078204375,1.175933719,0.9135742,2.597328356,1.175933719,2.260577525,1.84705832,1.307304866,2.467778755,1.838328526,2.210707375,1.538473165,1.295706755,3.0,0.0,0.0,1.0,9.0,4.0,6.0,4000.0,4000.0,1250.0,16.0,1.5,0.36,1.600912703,2.313208372,,0.3,0.3,-0.2350674845,-0.5476560981,-0.4560275894,-0.5476560981,-0.3500049123,-0.2282204315
88.0,1.527977403,2.14158077,1.834779087,0.405,0.4,0.064,0.005,0.004,0.0,0.001,1.25e-06,0.025,0.0,0.2,0.025,0.025,0.02500000589,2.025,1.8,16.19999618,1.051948052,1.051948036,1.051948052,2.0,0.0,1.0,1.0,8.0,8.0,0.0,4000.0,4000.0,1250.0,16.0,1.5,0.36,75.0003125,300.0,,0.3,0.3,-0.5061728395,-0.04938271605,-0.9382715904,-0.04938271605,-0.0493827015,-0.04938271605
89.0,1.712845466,4.601471472,2.853893088,0.363,1.339985,3.710666667,74.13133333,0.3236666667,4.789,0.619,0.01853283333,0.0837490625,0.0038312,0.2,0.0837490625,0.0875802625,0.08999247514,1.815,1.279299381,4.033670587,1.222449208,1.239648692,1.233003478,,1.0,0.0,0.0,4.0,1.0,3.0,4000.0,4000.0,1250.0,16.0,1.5,0.36,1.016117125,2.037315457,,0.3,0.3,-0.4490358127,0.222449208,-0.7520868453,0.222449208,0.2396486919,0.233003478
90.0,1.836048889,3.540823546,2.452702681,0.3106666667,0.29999,1.532,0.771,0.1276666667,0.0,0.0006666666667,0.00019275,0.018749375,0.0,0.2,0.018749375,0.018749375,0.01876240161,1.553333333,1.420194534,16.55793715,1.219150349,1.21919228,1.219150349,,1.0,0.0,0.0,8.0,2.0,6.0,4000.0,4000.0,1250.0,16.0,1.5,0.36,2.351379243,450.0,,0.3,0.3,-0.356223176,0.2191503487,-0.9396060034,0.2191503487,0.2191922799,0.2191503487
,,,,,,,,,,,,,,0.2,,0.0,,,,,,,,,1.0,0.0,0.0,7.0,1.0,6.0,4000.0,4000.0,1250.0,16.0,1.5,0.36,,,,0.3,0.3,,,,,,
92.0,1.528944127,1.536334296,1.532639212,0.337,0.335999,0.245,0.048,0.026,0.008,0.0405,1.2e-05,0.0209999375,6.4e-06,0.2,0.0209999375,,0.02100020322,1.685,1.524887309,16.04746375,1.130563613,1.130564401,,,0.0,0.0,0.0,6.0,2.0,5.0,4000.0,4000.0,1250.0,16.0,1.5,0.36,,,,0.3,0.3,,,,,,
93.0,1.675788243,2.296921369,1.928628183,0.58825,1.344991,3.52025,28.3595,0.50275,7.312,0.4545,0.007089875,0.0840619375,0.0058496,0.2,0.0840619375,0.0899115375,0.0864465011,2.94125,2.070851185,6.804786689,1.324702593,1.317627081,1.307479251,,0.0,0.0,0.0,3.0,1.0,2.0,4000.0,4000.0,1250.0,16.0,1.5,0.36,1.637142872,1.486024504,,0.3,0.3,-0.6600084998,-0.2451135784,-0.853044622,-0.2451135784,-0.2410599216,-0.235169507
94.0,1.823580001,2.150855416,1.912263011,0.61725,2.259986,2.109,797.773,0.25025,0.072,0.25925,0.19944325,0.141249125,5.76e-05,0.340749975,0.19944325,0.2726115,0.2723806998,1.811445474,1.808795847,2.266129724,1.103329069,1.024513082,1.024886999,,1.0,0.0,0.0,8.0,3.0,5.0,4000.0,4000.0,1250.0,16.0,1.5,0.36,1.995777223,1.157406365,,0.3,0.3,-0.447954678,-0.1879317537,-0.5587189959,-0.09365208586,0.02451308187,0.02488699878
95.0,1.526833596,1.71412543,1.620479513,0.369,0.219996,0.7795,2.272,0.075,0.258,0.191,0.000568,0.01374975,0.0002064,0.2,0.01374975,0.01395615,0.01384341277,1.845,1.726317809,26.65527685,1.012871951,1.01312578,1.013431301,,1.0,0.0,0.0,7.0,3.0,6.0,4000.0,4000.0,1250.0,16.0,1.5,0.36,4.007573333,1.571761257,,0.3,0.3,-0.4579945799,0.01287195122,-0.9624839762,0.01287195122,0.01312577987,0.01343130081
96.0,,,1.957146565,0.616,2.409988,6.654,0.785,0.5545,0.0,0.0,0.00019625,0.15062425,0.0,0.2,0.15062425,0.15062425,0.1506289725,3.08,1.756866503,4.089518701,1.206366521,1.206355364,1.206366521,,0.0,0.0,0.0,1.0,1.0,0.0,4000.0,4000.0,1250.0,16.0,1.5,0.36,1.847125006,,,0.3,0.3,-0.6753246753,-0.1710645292,-0.7554724472,-0.1710645292,-0.1710568628,-0.1710645292
97.0,,,3.048529476,1.7965,12.61997575,17.3885,836.317,1.049,0.0,0.0,0.20907925,0.7887484844,0.0,0.9978277344,0.7887484844,0.7982621875,0.8589717911,1.800410971,1.816943367,2.091454013,1.563875839,1.473783079,1.551030517,,0.0,0.0,0.0,4.0,3.0,2.0,4000.0,4000.0,1250.0,16.0,1.5,0.36,2.060582905,,,0.3,0.3,-0.4445712583,-0.3605630479,-0.52186374,-0.3605630479,-0.3214740934,-0.3552673601
98.0,,,5.33871362,1.95075,18.86499475,8.674,69.918,0.04825,8.899,0.0755,0.0174795,1.179062172,0.0071192,1.203660872,1.179062172,1.186181372,1.180849133,1.620680746,1.414548263,1.651989187,1.267492656,1.266022713,1.261656644,,0.0,0.0,1.0,1.0,1.0,0.0,4000.0,4000.0,1250.0,16.0,1.5,0.36,6.57988601,4.067803974,,0.3,0.3,-0.3829753316,-0.2110407936,-0.3946691614,-0.2110407936,-0.2101247554,-0.2073913255
99.0,,,2.307103518,0.669,1.76998,11.142,418.5375,0.63575,0.62,0.60825,0.104634375,0.11062375,0.000496,0.215754125,0.11062375,0.1727025,0.1709013688,3.10075184,2.153731001,3.914538571,1.42151772,1.260121068,1.255860447,,0.0,0.0,0.0,6.0,1.0,5.0,4000.0,4000.0,1250.0,16.0,1.5,0.36,1.571171505,2.0241534,,0.3,0.3,-0.677497571,-0.2965265321,-0.7445420496,-0.2965265321,-0.2064254577,-0.2037331839
